category_code,product_category,cn_codes,allocation,total_yearly_tonnes,mfn_part_tonnes,fta_part_tonnes,q3_jul_sep,q4_oct_dec,q1_jan_mar,q2_apr_jun,additional_duty_rate,order_number
1.A,Non Alloy and Other Alloy Hot Rolled Sheets and Strips,"7208 10 00, 7208 25 00, 7208 26 00, 7208 27 00, 7208 36 00, 7208 37 00, 7208 38 00, 7208 39 00, 7208 40 00, 7208 52 10, 7208 52 99, 7208 53 10, 7208 53 90, 7208 54 00, 7211 13 00, 7211 14 00, 7211 19 00, 7225 19 10, 7225 30 10, 7225 30 30, 7225 30 90, 7225 40 15, 7225 40 90, 7226 19 10, 7226 91 20, 7226 91 91, 7226 91 99",Türkiye,"642 294,94","321 749,25","320 545,69","160 573,74","160 573,74","160 573,74","160 573,74",50 %,09.9801
1.A,Non Alloy and Other Alloy Hot Rolled Sheets and Strips,"7208 10 00, 7208 25 00, 7208 26 00, 7208 27 00, 7208 36 00, 7208 37 00, 7208 38 00, 7208 39 00, 7208 40 00, 7208 52 10, 7208 52 99, 7208 53 10, 7208 53 90, 7208 54 00, 7211 13 00, 7211 14 00, 7211 19 00, 7225 19 10, 7225 30 10, 7225 30 30, 7225 30 90, 7225 40 15, 7225 40 90, 7226 19 10, 7226 91 20, 7226 91 91, 7226 91 99",Japan,"551 539,13","306 920,89","244 618,24","137 884,78","137 884,78","137 884,78","137 884,78",50 %,09.9802
1.A,Non Alloy and Other Alloy Hot Rolled Sheets and Strips,"7208 10 00, 7208 25 00, 7208 26 00, 7208 27 00, 7208 36 00, 7208 37 00, 7208 38 00, 7208 39 00, 7208 40 00, 7208 52 10, 7208 52 99, 7208 53 10, 7208 53 90, 7208 54 00, 7211 13 00, 7211 14 00, 7211 19 00, 7225 19 10, 7225 30 10, 7225 30 30, 7225 30 90, 7225 40 15, 7225 40 90, 7226 19 10, 7226 91 20, 7226 91 91, 7226 91 99",India,"597 274,45","299 196,82","298 077,63","149 318,61","149 318,61","149 318,61","149 318,61",50 %,09.9803
1.A,Non Alloy and Other Alloy Hot Rolled Sheets and Strips,"7208 10 00, 7208 25 00, 7208 26 00, 7208 27 00, 7208 36 00, 7208 37 00, 7208 38 00, 7208 39 00, 7208 40 00, 7208 52 10, 7208 52 99, 7208 53 10, 7208 53 90, 7208 54 00, 7211 13 00, 7211 14 00, 7211 19 00, 7225 19 10, 7225 30 10, 7225 30 30, 7225 30 90, 7225 40 15, 7225 40 90, 7226 19 10, 7226 91 20, 7226 91 91, 7226 91 99",Taiwan,"278 922,56","278 922,56","0,00","69 730,64","69 730,64","69 730,64","69 730,64",50 %,09.9804
1.A,Non Alloy and Other Alloy Hot Rolled Sheets and Strips,"7208 10 00, 7208 25 00, 7208 26 00, 7208 27 00, 7208 36 00, 7208 37 00, 7208 38 00, 7208 39 00, 7208 40 00, 7208 52 10, 7208 52 99, 7208 53 10, 7208 53 90, 7208 54 00, 7211 13 00, 7211 14 00, 7211 19 00, 7225 19 10, 7225 30 10, 7225 30 30, 7225 30 90, 7225 40 15, 7225 40 90, 7226 19 10, 7226 91 20, 7226 91 91, 7226 91 99",Ukraine,"483 529,41","242 217,73","241 311,68","120 882,35","120 882,35","120 882,35","120 882,35",50 %,09.9805
1.A,Non Alloy and Other Alloy Hot Rolled Sheets and Strips,"7208 10 00, 7208 25 00, 7208 26 00, 7208 27 00, 7208 36 00, 7208 37 00, 7208 38 00, 7208 39 00, 7208 40 00, 7208 52 10, 7208 52 99, 7208 53 10, 7208 53 90, 7208 54 00, 7211 13 00, 7211 14 00, 7211 19 00, 7225 19 10, 7225 30 10, 7225 30 30, 7225 30 90, 7225 40 15, 7225 40 90, 7226 19 10, 7226 91 20, 7226 91 91, 7226 91 99",Korea,"461 830,10","231 347,74","230 482,35","115 457,52","115 457,52","115 457,52","115 457,52",50 %,09.9806
1.A,Non Alloy and Other Alloy Hot Rolled Sheets and Strips,"7208 10 00, 7208 25 00, 7208 26 00, 7208 27 00, 7208 36 00, 7208 37 00, 7208 38 00, 7208 39 00, 7208 40 00, 7208 52 10, 7208 52 99, 7208 53 10, 7208 53 90, 7208 54 00, 7211 13 00, 7211 14 00, 7211 19 00, 7225 19 10, 7225 30 10, 7225 30 30, 7225 30 90, 7225 40 15, 7225 40 90, 7226 19 10, 7226 91 20, 7226 91 91, 7226 91 99",Viet Nam,"414 972,31","230 924,09","184 048,22","103 743,08","103 743,08","103 743,08","103 743,08",50 %,09.9807
1.A,Non Alloy and Other Alloy Hot Rolled Sheets and Strips,"7208 10 00, 7208 25 00, 7208 26 00, 7208 27 00, 7208 36 00, 7208 37 00, 7208 38 00, 7208 39 00, 7208 40 00, 7208 52 10, 7208 52 99, 7208 53 10, 7208 53 90, 7208 54 00, 7211 13 00, 7211 14 00, 7211 19 00, 7225 19 10, 7225 30 10, 7225 30 30, 7225 30 90, 7225 40 15, 7225 40 90, 7226 19 10, 7226 91 20, 7226 91 91, 7226 91 99",Egypt,"404 928,86","202 843,81","202 085,04","101 232,21","101 232,21","101 232,21","101 232,21",50 %,09.9808
1.A,Non Alloy and Other Alloy Hot Rolled Sheets and Strips,"7208 10 00, 7208 25 00, 7208 26 00, 7208 27 00, 7208 36 00, 7208 37 00, 7208 38 00, 7208 39 00, 7208 40 00, 7208 52 10, 7208 52 99, 7208 53 10, 7208 53 90, 7208 54 00, 7211 13 00, 7211 14 00, 7211 19 00, 7225 19 10, 7225 30 10, 7225 30 30, 7225 30 90, 7225 40 15, 7225 40 90, 7226 19 10, 7226 91 20, 7226 91 91, 7226 91 99",Serbia,"258 094,60","143 624,67","114 469,93","64 523,65","64 523,65","64 523,65","64 523,65",50 %,09.9809
1.A,Non Alloy and Other Alloy Hot Rolled Sheets and Strips,"7208 10 00, 7208 25 00, 7208 26 00, 7208 27 00, 7208 36 00, 7208 37 00, 7208 38 00, 7208 39 00, 7208 40 00, 7208 52 10, 7208 52 99, 7208 53 10, 7208 53 90, 7208 54 00, 7211 13 00, 7211 14 00, 7211 19 00, 7225 19 10, 7225 30 10, 7225 30 30, 7225 30 90, 7225 40 15, 7225 40 90, 7226 19 10, 7226 91 20, 7226 91 91, 7226 91 99",FTA Quota – CSQ,"483 682,26","0,00","483 682,26","120 920,56","120 920,56","120 920,56","120 920,56",50 %,09.9500
1.A,Non Alloy and Other Alloy Hot Rolled Sheets and Strips,"7208 10 00, 7208 25 00, 7208 26 00, 7208 27 00, 7208 36 00, 7208 37 00, 7208 38 00, 7208 39 00, 7208 40 00, 7208 52 10, 7208 52 99, 7208 53 10, 7208 53 90, 7208 54 00, 7211 13 00, 7211 14 00, 7211 19 00, 7225 19 10, 7225 30 10, 7225 30 30, 7225 30 90, 7225 40 15, 7225 40 90, 7226 19 10, 7226 91 20, 7226 91 91, 7226 91 99",Brazil,"170 051,00","78 289,80","91 761,20","42 512,75","42 512,75","42 512,75","42 512,75",50 %,09.9701
1.A,Non Alloy and Other Alloy Hot Rolled Sheets and Strips,"7208 10 00, 7208 25 00, 7208 26 00, 7208 27 00, 7208 36 00, 7208 37 00, 7208 38 00, 7208 39 00, 7208 40 00, 7208 52 10, 7208 52 99, 7208 53 10, 7208 53 90, 7208 54 00, 7211 13 00, 7211 14 00, 7211 19 00, 7225 19 10, 7225 30 10, 7225 30 30, 7225 30 90, 7225 40 15, 7225 40 90, 7226 19 10, 7226 91 20, 7226 91 91, 7226 91 99",United Kingdom,"153 924,55","70 865,34","83 059,20","38 481,14","38 481,14","38 481,14","38 481,14",50 %,09.9705
1.A,Non Alloy and Other Alloy Hot Rolled Sheets and Strips,"7208 10 00, 7208 25 00, 7208 26 00, 7208 27 00, 7208 36 00, 7208 37 00, 7208 38 00, 7208 39 00, 7208 40 00, 7208 52 10, 7208 52 99, 7208 53 10, 7208 53 90, 7208 54 00, 7211 13 00, 7211 14 00, 7211 19 00, 7225 19 10, 7225 30 10, 7225 30 30, 7225 30 90, 7225 40 15, 7225 40 90, 7226 19 10, 7226 91 20, 7226 91 91, 7226 91 99",Indonesia,"127 337,84","58 625,08","68 712,75","31 834,46","31 834,46","31 834,46","31 834,46",50 %,09.9702
1.A,Non Alloy and Other Alloy Hot Rolled Sheets and Strips,"7208 10 00, 7208 25 00, 7208 26 00, 7208 27 00, 7208 36 00, 7208 37 00, 7208 38 00, 7208 39 00, 7208 40 00, 7208 52 10, 7208 52 99, 7208 53 10, 7208 53 90, 7208 54 00, 7211 13 00, 7211 14 00, 7211 19 00, 7225 19 10, 7225 30 10, 7225 30 30, 7225 30 90, 7225 40 15, 7225 40 90, 7226 19 10, 7226 91 20, 7226 91 91, 7226 91 99",Australia,"47 320,20","47 320,20","0,00","11 830,05","11 830,05","11 830,05","11 830,05",50 %,09.9810
1.A,Non Alloy and Other Alloy Hot Rolled Sheets and Strips,"7208 10 00, 7208 25 00, 7208 26 00, 7208 27 00, 7208 36 00, 7208 37 00, 7208 38 00, 7208 39 00, 7208 40 00, 7208 52 10, 7208 52 99, 7208 53 10, 7208 53 90, 7208 54 00, 7211 13 00, 7211 14 00, 7211 19 00, 7225 19 10, 7225 30 10, 7225 30 30, 7225 30 90, 7225 40 15, 7225 40 90, 7226 19 10, 7226 91 20, 7226 91 91, 7226 91 99",Saudi Arabia,"38 180,30","38 180,30","0,00","9 545,08","9 545,08","9 545,08","9 545,08",50 %,09.9811
1.A,Non Alloy and Other Alloy Hot Rolled Sheets and Strips,"7208 10 00, 7208 25 00, 7208 26 00, 7208 27 00, 7208 36 00, 7208 37 00, 7208 38 00, 7208 39 00, 7208 40 00, 7208 52 10, 7208 52 99, 7208 53 10, 7208 53 90, 7208 54 00, 7211 13 00, 7211 14 00, 7211 19 00, 7225 19 10, 7225 30 10, 7225 30 30, 7225 30 90, 7225 40 15, 7225 40 90, 7226 19 10, 7226 91 20, 7226 91 91, 7226 91 99",Switzerland,"21 889,99","10 077,93","11 812,05","5 472,50","5 472,50","5 472,50","5 472,50",50 %,09.9704
1.A,Non Alloy and Other Alloy Hot Rolled Sheets and Strips,"7208 10 00, 7208 25 00, 7208 26 00, 7208 27 00, 7208 36 00, 7208 37 00, 7208 38 00, 7208 39 00, 7208 40 00, 7208 52 10, 7208 52 99, 7208 53 10, 7208 53 90, 7208 54 00, 7211 13 00, 7211 14 00, 7211 19 00, 7225 19 10, 7225 30 10, 7225 30 30, 7225 30 90, 7225 40 15, 7225 40 90, 7226 19 10, 7226 91 20, 7226 91 91, 7226 91 99",Kazakhstan,"9 510,68","9 510,68","0,00","2 377,67","2 377,67","2 377,67","2 377,67",50 %,09.9812
1.A,Non Alloy and Other Alloy Hot Rolled Sheets and Strips,"7208 10 00, 7208 25 00, 7208 26 00, 7208 27 00, 7208 36 00, 7208 37 00, 7208 38 00, 7208 39 00, 7208 40 00, 7208 52 10, 7208 52 99, 7208 53 10, 7208 53 90, 7208 54 00, 7211 13 00, 7211 14 00, 7211 19 00, 7225 19 10, 7225 30 10, 7225 30 30, 7225 30 90, 7225 40 15, 7225 40 90, 7226 19 10, 7226 91 20, 7226 91 91, 7226 91 99",North Macedonia,"14 127,65","6 504,23","7 623,42","3 531,91","3 531,91","3 531,91","3 531,91",50 %,09.9703
1.A,Non Alloy and Other Alloy Hot Rolled Sheets and Strips,"7208 10 00, 7208 25 00, 7208 26 00, 7208 27 00, 7208 36 00, 7208 37 00, 7208 38 00, 7208 39 00, 7208 40 00, 7208 52 10, 7208 52 99, 7208 53 10, 7208 53 90, 7208 54 00, 7211 13 00, 7211 14 00, 7211 19 00, 7225 19 10, 7225 30 10, 7225 30 30, 7225 30 90, 7225 40 15, 7225 40 90, 7226 19 10, 7226 91 20, 7226 91 91, 7226 91 99",Other countries,"22 256,02","22 256,02","0,00","5 564,01","5 564,01","5 564,01","5 564,01",50 %,09.9600
1.A,Non Alloy and Other Alloy Hot Rolled Sheets and Strips,"7208 10 00, 7208 25 00, 7208 26 00, 7208 27 00, 7208 36 00, 7208 37 00, 7208 38 00, 7208 39 00, 7208 40 00, 7208 52 10, 7208 52 99, 7208 53 10, 7208 53 90, 7208 54 00, 7211 13 00, 7211 14 00, 7211 19 00, 7225 19 10, 7225 30 10, 7225 30 30, 7225 30 90, 7225 40 15, 7225 40 90, 7226 19 10, 7226 91 20, 7226 91 91, 7226 91 99",FTA Quota – Other countries,"17 087,49","0,00","17 087,49","4 271,87","4 271,87","4 271,87","4 271,87",50 %,09.9700
1.B,Non Alloy and Other Alloy Hot Rolled Sheets and Strips,7212 60 00,United Kingdom,"2 104,13","959,81","1 144,32","526,03","526,03","526,03","526,03",50 %,09.9813
1.B,Non Alloy and Other Alloy Hot Rolled Sheets and Strips,7212 60 00,United States,"509,37","509,37","0,00","127,34","127,34","127,34","127,34",50 %,09.9814
1.B,Non Alloy and Other Alloy Hot Rolled Sheets and Strips,7212 60 00,Japan,"975,71","499,39","476,32","243,93","243,93","243,93","243,93",50 %,09.9815
1.B,Non Alloy and Other Alloy Hot Rolled Sheets and Strips,7212 60 00,China,"142,36","142,36","0,00","35,59","35,59","35,59","35,59",50 %,09.9816
1.B,Non Alloy and Other Alloy Hot Rolled Sheets and Strips,7212 60 00,FTA Quota – CSQ,"426,09","0,00","426,09","106,52","106,52","106,52","106,52",50 %,09.9501
1.B,Non Alloy and Other Alloy Hot Rolled Sheets and Strips,7212 60 00,Other countries,"179,56","179,56","0,00","44,89","44,89","44,89","44,89",50 %,09.9601
1.B,Non Alloy and Other Alloy Hot Rolled Sheets and Strips,7212 60 00,FTA Quota – Other countries,"243,78","0,00","243,78","60,94","60,94","60,94","60,94",50 %,09.9706
2,Non Alloy and Other Alloy Cold Rolled Sheets,"7209 15 00, 7209 16 90, 7209 17 90, 7209 18 91, 7209 25 00, 7209 26 90, 7209 27 90, 7209 28 90, 7209 90 20, 7209 90 80, 7211 23 20, 7211 23 30, 7211 23 80, 7211 29 00, 7211 90 20, 7211 90 80, 7225 50 20, 7225 50 80, 7226 20 00, 7226 92 00",Taiwan,"134 346,16","134 346,16","0,00","33 586,54","33 586,54","33 586,54","33 586,54",50 %,09.9817
2,Non Alloy and Other Alloy Cold Rolled Sheets,"7209 15 00, 7209 16 90, 7209 17 90, 7209 18 91, 7209 25 00, 7209 26 90, 7209 27 90, 7209 28 90, 7209 90 20, 7209 90 80, 7211 23 20, 7211 23 30, 7211 23 80, 7211 29 00, 7211 90 20, 7211 90 80, 7225 50 20, 7225 50 80, 7226 20 00, 7226 92 00",India,"269 974,33","125 581,16","144 393,17","67 493,58","67 493,58","67 493,58","67 493,58",50 %,09.9818
2,Non Alloy and Other Alloy Cold Rolled Sheets,"7209 15 00, 7209 16 90, 7209 17 90, 7209 18 91, 7209 25 00, 7209 26 90, 7209 27 90, 7209 28 90, 7209 90 20, 7209 90 80, 7211 23 20, 7211 23 30, 7211 23 80, 7211 29 00, 7211 90 20, 7211 90 80, 7225 50 20, 7225 50 80, 7226 20 00, 7226 92 00",Korea,"254 610,70","118 434,62","136 176,08","63 652,67","63 652,67","63 652,67","63 652,67",50 %,09.9819
2,Non Alloy and Other Alloy Cold Rolled Sheets,"7209 15 00, 7209 16 90, 7209 17 90, 7209 18 91, 7209 25 00, 7209 26 90, 7209 27 90, 7209 28 90, 7209 90 20, 7209 90 80, 7211 23 20, 7211 23 30, 7211 23 80, 7211 29 00, 7211 90 20, 7211 90 80, 7225 50 20, 7225 50 80, 7226 20 00, 7226 92 00",Türkiye,"240 611,63","111 922,82","128 688,82","60 152,91","60 152,91","60 152,91","60 152,91",50 %,09.9820
2,Non Alloy and Other Alloy Cold Rolled Sheets,"7209 15 00, 7209 16 90, 7209 17 90, 7209 18 91, 7209 25 00, 7209 26 90, 7209 27 90, 7209 28 90, 7209 90 20, 7209 90 80, 7211 23 20, 7211 23 30, 7211 23 80, 7211 29 00, 7211 90 20, 7211 90 80, 7225 50 20, 7225 50 80, 7226 20 00, 7226 92 00",United Kingdom,"79 338,51","79 338,51","0,00","19 834,63","19 834,63","19 834,63","19 834,63",50 %,09.9821
2,Non Alloy and Other Alloy Cold Rolled Sheets,"7209 15 00, 7209 16 90, 7209 17 90, 7209 18 91, 7209 25 00, 7209 26 90, 7209 27 90, 7209 28 90, 7209 90 20, 7209 90 80, 7211 23 20, 7211 23 30, 7211 23 80, 7211 29 00, 7211 90 20, 7211 90 80, 7225 50 20, 7225 50 80, 7226 20 00, 7226 92 00",Japan,"117 831,23","61 375,56","56 455,68","29 457,81","29 457,81","29 457,81","29 457,81",50 %,09.9822
2,Non Alloy and Other Alloy Cold Rolled Sheets,"7209 15 00, 7209 16 90, 7209 17 90, 7209 18 91, 7209 25 00, 7209 26 90, 7209 27 90, 7209 28 90, 7209 90 20, 7209 90 80, 7211 23 20, 7211 23 30, 7211 23 80, 7211 29 00, 7211 90 20, 7211 90 80, 7225 50 20, 7225 50 80, 7226 20 00, 7226 92 00",Ukraine,"106 197,91","41 644,98","64 552,93","26 549,48","26 549,48","26 549,48","26 549,48",50 %,09.9823
2,Non Alloy and Other Alloy Cold Rolled Sheets,"7209 15 00, 7209 16 90, 7209 17 90, 7209 18 91, 7209 25 00, 7209 26 90, 7209 27 90, 7209 28 90, 7209 90 20, 7209 90 80, 7211 23 20, 7211 23 30, 7211 23 80, 7211 29 00, 7211 90 20, 7211 90 80, 7225 50 20, 7225 50 80, 7226 20 00, 7226 92 00",FTA Quota – CSQ,"134 682,43","0,00","134 682,43","33 670,61","33 670,61","33 670,61","33 670,61",50 %,09.9502
2,Non Alloy and Other Alloy Cold Rolled Sheets,"7209 15 00, 7209 16 90, 7209 17 90, 7209 18 91, 7209 25 00, 7209 26 90, 7209 27 90, 7209 28 90, 7209 90 20, 7209 90 80, 7211 23 20, 7211 23 30, 7211 23 80, 7211 29 00, 7211 90 20, 7211 90 80, 7225 50 20, 7225 50 80, 7226 20 00, 7226 92 00",Other countries,"99 735,70","99 735,70","0,00","24 933,92","24 933,92","24 933,92","24 933,92",50 %,09.9602
2,Non Alloy and Other Alloy Cold Rolled Sheets,"7209 15 00, 7209 16 90, 7209 17 90, 7209 18 91, 7209 25 00, 7209 26 90, 7209 27 90, 7209 28 90, 7209 90 20, 7209 90 80, 7211 23 20, 7211 23 30, 7211 23 80, 7211 29 00, 7211 90 20, 7211 90 80, 7225 50 20, 7225 50 80, 7226 20 00, 7226 92 00",FTA Quota – Other countries,"85 134,42","0,00","85 134,42","21 283,60","21 283,60","21 283,60","21 283,60",50 %,09.9707
2,Non Alloy and Other Alloy Cold Rolled Sheets,"7209 15 00, 7209 16 90, 7209 17 90, 7209 18 91, 7209 25 00, 7209 26 90, 7209 27 90, 7209 28 90, 7209 90 20, 7209 90 80, 7211 23 20, 7211 23 30, 7211 23 80, 7211 29 00, 7211 90 20, 7211 90 80, 7225 50 20, 7225 50 80, 7226 20 00, 7226 92 00",Egypt,"5 178,15","0,00","5 178,15","1 294,54","1 294,54","1 294,54","1 294,54",50 %,09.9709
2,Non Alloy and Other Alloy Cold Rolled Sheets,"7209 15 00, 7209 16 90, 7209 17 90, 7209 18 91, 7209 25 00, 7209 26 90, 7209 27 90, 7209 28 90, 7209 90 20, 7209 90 80, 7211 23 20, 7211 23 30, 7211 23 80, 7211 29 00, 7211 90 20, 7211 90 80, 7225 50 20, 7225 50 80, 7226 20 00, 7226 92 00",Switzerland,"2 982,59","0,00","2 982,59","745,65","745,65","745,65","745,65",50 %,09.9710
2,Non Alloy and Other Alloy Cold Rolled Sheets,"7209 15 00, 7209 16 90, 7209 17 90, 7209 18 91, 7209 25 00, 7209 26 90, 7209 27 90, 7209 28 90, 7209 90 20, 7209 90 80, 7211 23 20, 7211 23 30, 7211 23 80, 7211 29 00, 7211 90 20, 7211 90 80, 7225 50 20, 7225 50 80, 7226 20 00, 7226 92 00",Brazil,"14 135,26","0,00","14 135,26","3 533,82","3 533,82","3 533,82","3 533,82",50 %,09.9708
3.A,Electrical Sheets (other than GOES),"7209 16 10, 7209 17 10, 7209 18 10, 7209 26 10, 7209 27 10, 7209 28 10",Japan,"311,80","160,70","151,10","77,95","77,95","77,95","77,95",50 %,09.9824
3.A,Electrical Sheets (other than GOES),"7209 16 10, 7209 17 10, 7209 18 10, 7209 26 10, 7209 27 10, 7209 28 10",United Kingdom,"78,25","78,25","0,00","19,56","19,56","19,56","19,56",50 %,09.9825
3.A,Electrical Sheets (other than GOES),"7209 16 10, 7209 17 10, 7209 18 10, 7209 26 10, 7209 27 10, 7209 28 10",China,"19,91","19,91","0,00","4,98","4,98","4,98","4,98",50 %,09.9826
3.A,Electrical Sheets (other than GOES),"7209 16 10, 7209 17 10, 7209 18 10, 7209 26 10, 7209 27 10, 7209 28 10",Türkiye,"34,78","17,92","16,85","8,69","8,69","8,69","8,69",50 %,09.9827
3.A,Electrical Sheets (other than GOES),"7209 16 10, 7209 17 10, 7209 18 10, 7209 26 10, 7209 27 10, 7209 28 10",FTA Quota – CSQ,"116,20","0,00","116,20","29,05","29,05","29,05","29,05",50 %,09.9503
3.A,Electrical Sheets (other than GOES),"7209 16 10, 7209 17 10, 7209 18 10, 7209 26 10, 7209 27 10, 7209 28 10",Other countries,"29,08","29,08","0,00","7,27","7,27","7,27","7,27",50 %,09.9603
3.A,Electrical Sheets (other than GOES),"7209 16 10, 7209 17 10, 7209 18 10, 7209 26 10, 7209 27 10, 7209 28 10",FTA Quota – Other countries,"21,71","0,00","21,71","5,43","5,43","5,43","5,43",50 %,09.9711
3.B,Electrical Sheets (other than GOES),"7225 19 90, 7226 19 80",China,"47 351,25","47 351,25","0,00","11 837,81","11 837,81","11 837,81","11 837,81",50 %,09.9828
3.B,Electrical Sheets (other than GOES),"7225 19 90, 7226 19 80",Taiwan,"20 666,63","20 666,63","0,00","5 166,66","5 166,66","5 166,66","5 166,66",50 %,09.9829
3.B,Electrical Sheets (other than GOES),"7225 19 90, 7226 19 80",Korea,"61 981,54","16 811,18","45 170,36","15 495,38","15 495,38","15 495,38","15 495,38",50 %,09.9830
3.B,Electrical Sheets (other than GOES),"7225 19 90, 7226 19 80",Viet Nam,"27 701,55","8 795,43","18 906,12","6 925,39","6 925,39","6 925,39","6 925,39",50 %,09.9831
3.B,Electrical Sheets (other than GOES),"7225 19 90, 7226 19 80",FTA Quota – CSQ,"16 868,24","0,00","16 868,24","4 217,06","4 217,06","4 217,06","4 217,06",50 %,09.9504
3.B,Electrical Sheets (other than GOES),"7225 19 90, 7226 19 80",Other countries,"5 915,02","5 915,02","0,00","1 478,75","1 478,75","1 478,75","1 478,75",50 %,09.9604
3.B,Electrical Sheets (other than GOES),"7225 19 90, 7226 19 80",FTA Quota – Other countries,"16 378,22","0,00","16 378,22","4 094,55","4 094,55","4 094,55","4 094,55",50 %,09.9712
3.B,Electrical Sheets (other than GOES),"7225 19 90, 7226 19 80",Japan,"2 216,56","0,00","2 216,56","554,14","554,14","554,14","554,14",50 %,09.9713
4.A,Metallic Coated Sheets,"7212 50 20 TARIC codes: 7210 41 00 20, 7210 41 00 30, 7210 49 00 20, 7210 49 00 30, 7210 61 00 20, 7210 61 00 30, 7210 69 00 20, 7210 69 00 30, 7212 30 00 20, 7212 30 00 30, 7212 50 61 20, 7212 50 61 30, 7212 50 69 20, 7212 50 69 30, 7225 92 00 20, 7225 92 00 30, 7225 99 00 11, 7225 99 00 22, 7225 99 00 23, 7225 99 00 41, 7225 99 00 45, 7225 99 00 91, 7225 99 00 92, 7225 99 00 93, 7226 99 30 10, 7226 99 30 30, 7226 99 70 11, 7226 99 70 13, 7226 99 70 91, 7226 99 70 93, 7226 99 70 94",Viet Nam,"469 987,67","254 098,09","215 889,58","117 496,92","117 496,92","117 496,92","117 496,92",50 %,09.9832
4.A,Metallic Coated Sheets,"7212 50 20 TARIC codes: 7210 41 00 20, 7210 41 00 30, 7210 49 00 20, 7210 49 00 30, 7210 61 00 20, 7210 61 00 30, 7210 69 00 20, 7210 69 00 30, 7212 30 00 20, 7212 30 00 30, 7212 50 61 20, 7212 50 61 30, 7212 50 69 20, 7212 50 69 30, 7225 92 00 20, 7225 92 00 30, 7225 99 00 11, 7225 99 00 22, 7225 99 00 23, 7225 99 00 41, 7225 99 00 45, 7225 99 00 91, 7225 99 00 92, 7225 99 00 93, 7226 99 30 10, 7226 99 30 30, 7226 99 70 11, 7226 99 70 13, 7226 99 70 91, 7226 99 70 93, 7226 99 70 94",Taiwan,"135 133,55","135 133,55","0,00","33 783,39","33 783,39","33 783,39","33 783,39",50 %,09.9833
4.A,Metallic Coated Sheets,"7212 50 20 TARIC codes: 7210 41 00 20, 7210 41 00 30, 7210 49 00 20, 7210 49 00 30, 7210 61 00 20, 7210 61 00 30, 7210 69 00 20, 7210 69 00 30, 7212 30 00 20, 7212 30 00 30, 7212 50 61 20, 7212 50 61 30, 7212 50 69 20, 7212 50 69 30, 7225 92 00 20, 7225 92 00 30, 7225 99 00 11, 7225 99 00 22, 7225 99 00 23, 7225 99 00 41, 7225 99 00 45, 7225 99 00 91, 7225 99 00 92, 7225 99 00 93, 7226 99 30 10, 7226 99 30 30, 7226 99 70 11, 7226 99 70 13, 7226 99 70 91, 7226 99 70 93, 7226 99 70 94",Türkiye,"255 701,32","124 004,14","131 697,18","63 925,33","63 925,33","63 925,33","63 925,33",50 %,09.9834
4.A,Metallic Coated Sheets,"7212 50 20 TARIC codes: 7210 41 00 20, 7210 41 00 30, 7210 49 00 20, 7210 49 00 30, 7210 61 00 20, 7210 61 00 30, 7210 69 00 20, 7210 69 00 30, 7212 30 00 20, 7212 30 00 30, 7212 50 61 20, 7212 50 61 30, 7212 50 69 20, 7212 50 69 30, 7225 92 00 20, 7225 92 00 30, 7225 99 00 11, 7225 99 00 22, 7225 99 00 23, 7225 99 00 41, 7225 99 00 45, 7225 99 00 91, 7225 99 00 92, 7225 99 00 93, 7226 99 30 10, 7226 99 30 30, 7226 99 70 11, 7226 99 70 13, 7226 99 70 91, 7226 99 70 93, 7226 99 70 94",India,"233 183,38","113 083,91","120 099,47","58 295,85","58 295,85","58 295,85","58 295,85",50 %,09.9835
4.A,Metallic Coated Sheets,"7212 50 20 TARIC codes: 7210 41 00 20, 7210 41 00 30, 7210 49 00 20, 7210 49 00 30, 7210 61 00 20, 7210 61 00 30, 7210 69 00 20, 7210 69 00 30, 7212 30 00 20, 7212 30 00 30, 7212 50 61 20, 7212 50 61 30, 7212 50 69 20, 7212 50 69 30, 7225 92 00 20, 7225 92 00 30, 7225 99 00 11, 7225 99 00 22, 7225 99 00 23, 7225 99 00 41, 7225 99 00 45, 7225 99 00 91, 7225 99 00 92, 7225 99 00 93, 7226 99 30 10, 7226 99 30 30, 7226 99 70 11, 7226 99 70 13, 7226 99 70 91, 7226 99 70 93, 7226 99 70 94",Korea,"104 479,74","50 668,18","53 811,56","26 119,93","26 119,93","26 119,93","26 119,93",50 %,09.9836
4.A,Metallic Coated Sheets,"7212 50 20 TARIC codes: 7210 41 00 20, 7210 41 00 30, 7210 49 00 20, 7210 49 00 30, 7210 61 00 20, 7210 61 00 30, 7210 69 00 20, 7210 69 00 30, 7212 30 00 20, 7212 30 00 30, 7212 50 61 20, 7212 50 61 30, 7212 50 69 20, 7212 50 69 30, 7225 92 00 20, 7225 92 00 30, 7225 99 00 11, 7225 99 00 22, 7225 99 00 23, 7225 99 00 41, 7225 99 00 45, 7225 99 00 91, 7225 99 00 92, 7225 99 00 93, 7226 99 30 10, 7226 99 30 30, 7226 99 70 11, 7226 99 70 13, 7226 99 70 91, 7226 99 70 93, 7226 99 70 94",FTA Quota – CSQ,"155 525,96","0,00","155 525,96","38 881,49","38 881,49","38 881,49","38 881,49",50 %,09.9505
4.A,Metallic Coated Sheets,"7212 50 20 TARIC codes: 7210 41 00 20, 7210 41 00 30, 7210 49 00 20, 7210 49 00 30, 7210 61 00 20, 7210 61 00 30, 7210 69 00 20, 7210 69 00 30, 7212 30 00 20, 7212 30 00 30, 7212 50 61 20, 7212 50 61 30, 7212 50 69 20, 7212 50 69 30, 7225 92 00 20, 7225 92 00 30, 7225 99 00 11, 7225 99 00 22, 7225 99 00 23, 7225 99 00 41, 7225 99 00 45, 7225 99 00 91, 7225 99 00 92, 7225 99 00 93, 7226 99 30 10, 7226 99 30 30, 7226 99 70 11, 7226 99 70 13, 7226 99 70 91, 7226 99 70 93, 7226 99 70 94",Other countries,"133 355,04","133 355,04","0,00","33 338,76","33 338,76","33 338,76","33 338,76",50 %,09.9605
4.A,Metallic Coated Sheets,"7212 50 20 TARIC codes: 7210 41 00 20, 7210 41 00 30, 7210 49 00 20, 7210 49 00 30, 7210 61 00 20, 7210 61 00 30, 7210 69 00 20, 7210 69 00 30, 7212 30 00 20, 7212 30 00 30, 7212 50 61 20, 7212 50 61 30, 7212 50 69 20, 7212 50 69 30, 7225 92 00 20, 7225 92 00 30, 7225 99 00 11, 7225 99 00 22, 7225 99 00 23, 7225 99 00 41, 7225 99 00 45, 7225 99 00 91, 7225 99 00 92, 7225 99 00 93, 7226 99 30 10, 7226 99 30 30, 7226 99 70 11, 7226 99 70 13, 7226 99 70 91, 7226 99 70 93, 7226 99 70 94",FTA Quota – Other countries,"51 045,29","0,00","51 045,29","12 761,32","12 761,32","12 761,32","12 761,32",50 %,09.9714
4.A,Metallic Coated Sheets,"7212 50 20 TARIC codes: 7210 41 00 20, 7210 41 00 30, 7210 49 00 20, 7210 49 00 30, 7210 61 00 20, 7210 61 00 30, 7210 69 00 20, 7210 69 00 30, 7212 30 00 20, 7212 30 00 30, 7212 50 61 20, 7212 50 61 30, 7212 50 69 20, 7212 50 69 30, 7225 92 00 20, 7225 92 00 30, 7225 99 00 11, 7225 99 00 22, 7225 99 00 23, 7225 99 00 41, 7225 99 00 45, 7225 99 00 91, 7225 99 00 92, 7225 99 00 93, 7226 99 30 10, 7226 99 30 30, 7226 99 70 11, 7226 99 70 13, 7226 99 70 91, 7226 99 70 93, 7226 99 70 94",United Kingdom,"46 400,33","0,00","46 400,33","11 600,08","11 600,08","11 600,08","11 600,08",50 %,09.9718
4.A,Metallic Coated Sheets,"7212 50 20 TARIC codes: 7210 41 00 20, 7210 41 00 30, 7210 49 00 20, 7210 49 00 30, 7210 61 00 20, 7210 61 00 30, 7210 69 00 20, 7210 69 00 30, 7212 30 00 20, 7212 30 00 30, 7212 50 61 20, 7212 50 61 30, 7212 50 69 20, 7212 50 69 30, 7225 92 00 20, 7225 92 00 30, 7225 99 00 11, 7225 99 00 22, 7225 99 00 23, 7225 99 00 41, 7225 99 00 45, 7225 99 00 91, 7225 99 00 92, 7225 99 00 93, 7226 99 30 10, 7226 99 30 30, 7226 99 70 11, 7226 99 70 13, 7226 99 70 91, 7226 99 70 93, 7226 99 70 94",Japan,"11 496,86","0,00","11 496,86","2 874,21","2 874,21","2 874,21","2 874,21",50 %,09.9716
4.A,Metallic Coated Sheets,"7212 50 20 TARIC codes: 7210 41 00 20, 7210 41 00 30, 7210 49 00 20, 7210 49 00 30, 7210 61 00 20, 7210 61 00 30, 7210 69 00 20, 7210 69 00 30, 7212 30 00 20, 7212 30 00 30, 7212 50 61 20, 7212 50 61 30, 7212 50 69 20, 7212 50 69 30, 7225 92 00 20, 7225 92 00 30, 7225 99 00 11, 7225 99 00 22, 7225 99 00 23, 7225 99 00 41, 7225 99 00 45, 7225 99 00 91, 7225 99 00 92, 7225 99 00 93, 7226 99 30 10, 7226 99 30 30, 7226 99 70 11, 7226 99 70 13, 7226 99 70 91, 7226 99 70 93, 7226 99 70 94",Egypt,"11 775,30","0,00","11 775,30","2 943,83","2 943,83","2 943,83","2 943,83",50 %,09.9715
4.A,Metallic Coated Sheets,"7212 50 20 TARIC codes: 7210 41 00 20, 7210 41 00 30, 7210 49 00 20, 7210 49 00 30, 7210 61 00 20, 7210 61 00 30, 7210 69 00 20, 7210 69 00 30, 7212 30 00 20, 7212 30 00 30, 7212 50 61 20, 7212 50 61 30, 7212 50 69 20, 7212 50 69 30, 7225 92 00 20, 7225 92 00 30, 7225 99 00 11, 7225 99 00 22, 7225 99 00 23, 7225 99 00 41, 7225 99 00 45, 7225 99 00 91, 7225 99 00 92, 7225 99 00 93, 7226 99 30 10, 7226 99 30 30, 7226 99 70 11, 7226 99 70 13, 7226 99 70 91, 7226 99 70 93, 7226 99 70 94",South Africa,"12 601,38","0,00","12 601,38","3 150,34","3 150,34","3 150,34","3 150,34",50 %,09.9717
4.B,Metallic Coated Sheets,"7210 20 00, 7210 30 00, 7210 90 80, 7212 20 00, 7212 50 30, 7212 50 40, 7212 50 90, 7225 91 00, 7226 99 10 TARIC codes: 7210 41 00 80, 7210 49 00 80, 7210 61 00 80, 7210 69 00 80, 7212 30 00 80, 7212 50 61 80, 7212 50 69 80, 7225 92 00 80, 7225 99 00 25, 7225 99 00 95, 7226 99 30 90, 7226 99 70 19, 7226 99 70 96",Korea,"442 795,45","193 650,20","249 145,25","110 698,86","110 698,86","110 698,86","110 698,86",50 %,09.9837
4.B,Metallic Coated Sheets,"7210 20 00, 7210 30 00, 7210 90 80, 7212 20 00, 7212 50 30, 7212 50 40, 7212 50 90, 7225 91 00, 7226 99 10 TARIC codes: 7210 41 00 80, 7210 49 00 80, 7210 61 00 80, 7210 69 00 80, 7212 30 00 80, 7212 50 61 80, 7212 50 69 80, 7225 92 00 80, 7225 99 00 25, 7225 99 00 95, 7226 99 30 90, 7226 99 70 19, 7226 99 70 96",China,"182 996,85","182 996,85","0,00","45 749,21","45 749,21","45 749,21","45 749,21",50 %,09.9838
4.B,Metallic Coated Sheets,"7210 20 00, 7210 30 00, 7210 90 80, 7212 20 00, 7212 50 30, 7212 50 40, 7212 50 90, 7225 91 00, 7226 99 10 TARIC codes: 7210 41 00 80, 7210 49 00 80, 7210 61 00 80, 7210 69 00 80, 7212 30 00 80, 7212 50 61 80, 7212 50 69 80, 7225 92 00 80, 7225 99 00 25, 7225 99 00 95, 7226 99 30 90, 7226 99 70 19, 7226 99 70 96",United Kingdom,"137 209,33","60 006,52","77 202,81","34 302,33","34 302,33","34 302,33","34 302,33",50 %,09.9839
4.B,Metallic Coated Sheets,"7210 20 00, 7210 30 00, 7210 90 80, 7212 20 00, 7212 50 30, 7212 50 40, 7212 50 90, 7225 91 00, 7226 99 10 TARIC codes: 7210 41 00 80, 7210 49 00 80, 7210 61 00 80, 7210 69 00 80, 7212 30 00 80, 7212 50 61 80, 7212 50 69 80, 7225 92 00 80, 7225 99 00 25, 7225 99 00 95, 7226 99 30 90, 7226 99 70 19, 7226 99 70 96",Türkiye,"104 079,85","45 517,82","58 562,03","26 019,96","26 019,96","26 019,96","26 019,96",50 %,09.9840
4.B,Metallic Coated Sheets,"7210 20 00, 7210 30 00, 7210 90 80, 7212 20 00, 7212 50 30, 7212 50 40, 7212 50 90, 7225 91 00, 7226 99 10 TARIC codes: 7210 41 00 80, 7210 49 00 80, 7210 61 00 80, 7210 69 00 80, 7212 30 00 80, 7212 50 61 80, 7212 50 69 80, 7225 92 00 80, 7225 99 00 25, 7225 99 00 95, 7226 99 30 90, 7226 99 70 19, 7226 99 70 96",India,"102 043,66","44 627,32","57 416,34","25 510,91","25 510,91","25 510,91","25 510,91",50 %,09.9841
4.B,Metallic Coated Sheets,"7210 20 00, 7210 30 00, 7210 90 80, 7212 20 00, 7212 50 30, 7212 50 40, 7212 50 90, 7225 91 00, 7226 99 10 TARIC codes: 7210 41 00 80, 7210 49 00 80, 7210 61 00 80, 7210 69 00 80, 7212 30 00 80, 7212 50 61 80, 7212 50 69 80, 7225 92 00 80, 7225 99 00 25, 7225 99 00 95, 7226 99 30 90, 7226 99 70 19, 7226 99 70 96",FTA Quota – CSQ,"78 057,61","0,00","78 057,61","19 514,40","19 514,40","19 514,40","19 514,40",50 %,09.9506
4.B,Metallic Coated Sheets,"7210 20 00, 7210 30 00, 7210 90 80, 7212 20 00, 7212 50 30, 7212 50 40, 7212 50 90, 7225 91 00, 7226 99 10 TARIC codes: 7210 41 00 80, 7210 49 00 80, 7210 61 00 80, 7210 69 00 80, 7212 30 00 80, 7212 50 61 80, 7212 50 69 80, 7225 92 00 80, 7225 99 00 25, 7225 99 00 95, 7226 99 30 90, 7226 99 70 19, 7226 99 70 96",Other countries,"92 698,72","92 698,72","0,00","23 174,68","23 174,68","23 174,68","23 174,68",50 %,09.9606
4.B,Metallic Coated Sheets,"7210 20 00, 7210 30 00, 7210 90 80, 7212 20 00, 7212 50 30, 7212 50 40, 7212 50 90, 7225 91 00, 7226 99 10 TARIC codes: 7210 41 00 80, 7210 49 00 80, 7210 61 00 80, 7210 69 00 80, 7212 30 00 80, 7212 50 61 80, 7212 50 69 80, 7225 92 00 80, 7225 99 00 25, 7225 99 00 95, 7226 99 30 90, 7226 99 70 19, 7226 99 70 96",FTA Quota – Other countries,"90 340,68","0,00","90 340,68","22 585,17","22 585,17","22 585,17","22 585,17",50 %,09.9719
4.B,Metallic Coated Sheets,"7210 20 00, 7210 30 00, 7210 90 80, 7212 20 00, 7212 50 30, 7212 50 40, 7212 50 90, 7225 91 00, 7226 99 10 TARIC codes: 7210 41 00 80, 7210 49 00 80, 7210 61 00 80, 7210 69 00 80, 7212 30 00 80, 7212 50 61 80, 7212 50 69 80, 7225 92 00 80, 7225 99 00 25, 7225 99 00 95, 7226 99 30 90, 7226 99 70 19, 7226 99 70 96",Egypt,"7 514,81","0,00","7 514,81","1 878,70","1 878,70","1 878,70","1 878,70",50 %,09.9720
4.B,Metallic Coated Sheets,"7210 20 00, 7210 30 00, 7210 90 80, 7212 20 00, 7212 50 30, 7212 50 40, 7212 50 90, 7225 91 00, 7226 99 10 TARIC codes: 7210 41 00 80, 7210 49 00 80, 7210 61 00 80, 7210 69 00 80, 7212 30 00 80, 7212 50 61 80, 7212 50 69 80, 7225 92 00 80, 7225 99 00 25, 7225 99 00 95, 7226 99 30 90, 7226 99 70 19, 7226 99 70 96",Switzerland,"1 257,91","0,00","1 257,91","314,48","314,48","314,48","314,48",50 %,09.9721
5,Organic Coated Sheets,"7210 70 80, 7212 40 80",India,"217 337,73","110 919,33","106 418,39","54 334,43","54 334,43","54 334,43","54 334,43",50 %,09.9842
5,Organic Coated Sheets,"7210 70 80, 7212 40 80",Korea,"167 312,54","85 388,74","81 923,80","41 828,13","41 828,13","41 828,13","41 828,13",50 %,09.9843
5,Organic Coated Sheets,"7210 70 80, 7212 40 80",Viet Nam,"50 423,60","28 527,61","21 896,00","12 605,90","12 605,90","12 605,90","12 605,90",50 %,09.9844
5,Organic Coated Sheets,"7210 70 80, 7212 40 80",Türkiye,"46 275,74","23 617,04","22 658,70","11 568,94","11 568,94","11 568,94","11 568,94",50 %,09.9845
5,Organic Coated Sheets,"7210 70 80, 7212 40 80",Taiwan,"21 289,17","21 289,17","0,00","5 322,29","5 322,29","5 322,29","5 322,29",50 %,09.9846
5,Organic Coated Sheets,"7210 70 80, 7212 40 80",United Kingdom,"31 980,57","16 321,43","15 659,14","7 995,14","7 995,14","7 995,14","7 995,14",50 %,09.9847
5,Organic Coated Sheets,"7210 70 80, 7212 40 80",FTA Quota – CSQ,"50 302,83","0,00","50 302,83","12 575,71","12 575,71","12 575,71","12 575,71",50 %,09.9507
5,Organic Coated Sheets,"7210 70 80, 7212 40 80",Other countries,"27 872,37","27 872,37","0,00","6 968,09","6 968,09","6 968,09","6 968,09",50 %,09.9607
5,Organic Coated Sheets,"7210 70 80, 7212 40 80",FTA Quota – Other countries,"7 750,69","0,00","7 750,69","1 937,67","1 937,67","1 937,67","1 937,67",50 %,09.9722
5,Organic Coated Sheets,"7210 70 80, 7212 40 80",North Macedonia,"7 326,17","0,00","7 326,17","1 831,54","1 831,54","1 831,54","1 831,54",50 %,09.9723
6,Tin Mill products,"7209 18 99, 7210 11 00, 7210 12 20, 7210 12 80, 7210 50 00, 7210 70 10, 7210 90 40, 7212 10 10, 7212 10 90, 7212 40 20",China,"153 408,81","153 408,81","0,00","38 352,20","38 352,20","38 352,20","38 352,20",50 %,09.9848
6,Tin Mill products,"7209 18 99, 7210 11 00, 7210 12 20, 7210 12 80, 7210 50 00, 7210 70 10, 7210 90 40, 7212 10 10, 7212 10 90, 7212 40 20",Serbia,"60 844,23","22 219,84","38 624,39","15 211,06","15 211,06","15 211,06","15 211,06",50 %,09.9849
6,Tin Mill products,"7209 18 99, 7210 11 00, 7210 12 20, 7210 12 80, 7210 50 00, 7210 70 10, 7210 90 40, 7212 10 10, 7212 10 90, 7212 40 20",United Kingdom,"62 472,09","19 689,55","42 782,54","15 618,02","15 618,02","15 618,02","15 618,02",50 %,09.9850
6,Tin Mill products,"7209 18 99, 7210 11 00, 7210 12 20, 7210 12 80, 7210 50 00, 7210 70 10, 7210 90 40, 7212 10 10, 7212 10 90, 7212 40 20",Türkiye,"57 114,10","18 000,86","39 113,25","14 278,53","14 278,53","14 278,53","14 278,53",50 %,09.9851
6,Tin Mill products,"7209 18 99, 7210 11 00, 7210 12 20, 7210 12 80, 7210 50 00, 7210 70 10, 7210 90 40, 7212 10 10, 7212 10 90, 7212 40 20",Korea,"55 521,66","17 498,96","38 022,70","13 880,42","13 880,42","13 880,42","13 880,42",50 %,09.9852
6,Tin Mill products,"7209 18 99, 7210 11 00, 7210 12 20, 7210 12 80, 7210 50 00, 7210 70 10, 7210 90 40, 7212 10 10, 7212 10 90, 7212 40 20",India,"47 009,33","14 816,10","32 193,23","11 752,33","11 752,33","11 752,33","11 752,33",50 %,09.9853
6,Tin Mill products,"7209 18 99, 7210 11 00, 7210 12 20, 7210 12 80, 7210 50 00, 7210 70 10, 7210 90 40, 7212 10 10, 7212 10 90, 7212 40 20",FTA Quota – CSQ,"45 019,43","0,00","45 019,43","11 254,86","11 254,86","11 254,86","11 254,86",50 %,09.9508
6,Tin Mill products,"7209 18 99, 7210 11 00, 7210 12 20, 7210 12 80, 7210 50 00, 7210 70 10, 7210 90 40, 7212 10 10, 7212 10 90, 7212 40 20",Other countries,"25 786,02","25 786,02","0,00","6 446,51","6 446,51","6 446,51","6 446,51",50 %,09.9608
6,Tin Mill products,"7209 18 99, 7210 11 00, 7210 12 20, 7210 12 80, 7210 50 00, 7210 70 10, 7210 90 40, 7212 10 10, 7212 10 90, 7212 40 20",FTA Quota – Other countries,"23 910,96","0,00","23 910,96","5 977,74","5 977,74","5 977,74","5 977,74",50 %,09.9724
6,Tin Mill products,"7209 18 99, 7210 11 00, 7210 12 20, 7210 12 80, 7210 50 00, 7210 70 10, 7210 90 40, 7212 10 10, 7212 10 90, 7212 40 20",Japan,"11 671,54","0,00","11 671,54","2 917,88","2 917,88","2 917,88","2 917,88",50 %,09.9725
6,Tin Mill products,"7209 18 99, 7210 11 00, 7210 12 20, 7210 12 80, 7210 50 00, 7210 70 10, 7210 90 40, 7212 10 10, 7212 10 90, 7212 40 20",Singapore,"82,11","0,00","82,11","20,53","20,53","20,53","20,53",50 %,09.9726
7,Non Alloy and Other Alloy Quarto Plates,"7208 51 20, 7208 51 91, 7208 51 98, 7208 52 91, 7208 90 20, 7208 90 80, 7210 90 30, 7225 40 12, 7225 40 40, 7225 40 60",Korea,"319 670,25","170 160,19","149 510,06","79 917,56","79 917,56","79 917,56","79 917,56",50 %,09.9854
7,Non Alloy and Other Alloy Quarto Plates,"7208 51 20, 7208 51 91, 7208 51 98, 7208 52 91, 7208 90 20, 7208 90 80, 7210 90 30, 7225 40 12, 7225 40 40, 7225 40 60",Indonesia,"212 610,33","113 172,29","99 438,04","53 152,58","53 152,58","53 152,58","53 152,58",50 %,09.9855
7,Non Alloy and Other Alloy Quarto Plates,"7208 51 20, 7208 51 91, 7208 51 98, 7208 52 91, 7208 90 20, 7208 90 80, 7210 90 30, 7225 40 12, 7225 40 40, 7225 40 60",India,"210 838,28","112 229,03","98 609,25","52 709,57","52 709,57","52 709,57","52 709,57",50 %,09.9856
7,Non Alloy and Other Alloy Quarto Plates,"7208 51 20, 7208 51 91, 7208 51 98, 7208 52 91, 7208 90 20, 7208 90 80, 7210 90 30, 7225 40 12, 7225 40 40, 7225 40 60",Japan,"93 176,44","54 715,87","38 460,57","23 294,11","23 294,11","23 294,11","23 294,11",50 %,09.9857
7,Non Alloy and Other Alloy Quarto Plates,"7208 51 20, 7208 51 91, 7208 51 98, 7208 52 91, 7208 90 20, 7208 90 80, 7210 90 30, 7225 40 12, 7225 40 40, 7225 40 60",North Macedonia,"82 687,45","44 014,46","38 673,00","20 671,86","20 671,86","20 671,86","20 671,86",50 %,09.9858
7,Non Alloy and Other Alloy Quarto Plates,"7208 51 20, 7208 51 91, 7208 51 98, 7208 52 91, 7208 90 20, 7208 90 80, 7210 90 30, 7225 40 12, 7225 40 40, 7225 40 60",United Kingdom,"33 139,41","28 840,58","4 298,83","8 284,85","8 284,85","8 284,85","8 284,85",50 %,09.9859
7,Non Alloy and Other Alloy Quarto Plates,"7208 51 20, 7208 51 91, 7208 51 98, 7208 52 91, 7208 90 20, 7208 90 80, 7210 90 30, 7225 40 12, 7225 40 40, 7225 40 60",FTA Quota – CSQ,"90 729,26","0,00","90 729,26","22 682,31","22 682,31","22 682,31","22 682,31",50 %,09.9509
7,Non Alloy and Other Alloy Quarto Plates,"7208 51 20, 7208 51 91, 7208 51 98, 7208 52 91, 7208 90 20, 7208 90 80, 7210 90 30, 7225 40 12, 7225 40 40, 7225 40 60",Other countries,"75 319,07","75 319,07","0,00","18 829,77","18 829,77","18 829,77","18 829,77",50 %,09.9609
7,Non Alloy and Other Alloy Quarto Plates,"7208 51 20, 7208 51 91, 7208 51 98, 7208 52 91, 7208 90 20, 7208 90 80, 7210 90 30, 7225 40 12, 7225 40 40, 7225 40 60",FTA Quota – Other countries,"29 659,87","0,00","29 659,87","7 414,97","7 414,97","7 414,97","7 414,97",50 %,09.9727
7,Non Alloy and Other Alloy Quarto Plates,"7208 51 20, 7208 51 91, 7208 51 98, 7208 52 91, 7208 90 20, 7208 90 80, 7210 90 30, 7225 40 12, 7225 40 40, 7225 40 60",Türkiye,"28 030,85","0,00","28 030,85","7 007,71","7 007,71","7 007,71","7 007,71",50 %,09.9728
7,Non Alloy and Other Alloy Quarto Plates,"7208 51 20, 7208 51 91, 7208 51 98, 7208 52 91, 7208 90 20, 7208 90 80, 7210 90 30, 7225 40 12, 7225 40 40, 7225 40 60",United Kingdom (to Northern Ireland from other parts of the United Kingdom),"21 041,74","0,00","21 041,74","5 260,44","5 260,44","5 260,44","5 260,44",50 %,09.9491
8,Stainless Hot Rolled Sheets and Strips,"7219 11 00, 7219 12 10, 7219 12 90, 7219 13 10, 7219 13 90, 7219 14 10, 7219 14 90, 7219 22 10, 7219 22 90, 7219 23 00, 7219 24 00, 7220 11 00, 7220 12 00",Taiwan,"19 983,84","19 983,84","0,00","4 995,96","4 995,96","4 995,96","4 995,96",50 %,09.9860
8,Stainless Hot Rolled Sheets and Strips,"7219 11 00, 7219 12 10, 7219 12 90, 7219 13 10, 7219 13 90, 7219 14 10, 7219 14 90, 7219 22 10, 7219 22 90, 7219 23 00, 7219 24 00, 7220 11 00, 7220 12 00",Indonesia,"35 842,79","14 813,34","21 029,45","8 960,70","8 960,70","8 960,70","8 960,70",50 %,09.9861
8,Stainless Hot Rolled Sheets and Strips,"7219 11 00, 7219 12 10, 7219 12 90, 7219 13 10, 7219 13 90, 7219 14 10, 7219 14 90, 7219 22 10, 7219 22 90, 7219 23 00, 7219 24 00, 7220 11 00, 7220 12 00",India,"26 019,13","10 753,35","15 265,77","6 504,78","6 504,78","6 504,78","6 504,78",50 %,09.9862
8,Stainless Hot Rolled Sheets and Strips,"7219 11 00, 7219 12 10, 7219 12 90, 7219 13 10, 7219 13 90, 7219 14 10, 7219 14 90, 7219 22 10, 7219 22 90, 7219 23 00, 7219 24 00, 7220 11 00, 7220 12 00",China,"9 515,40","9 515,40","0,00","2 378,85","2 378,85","2 378,85","2 378,85",50 %,09.9863
8,Stainless Hot Rolled Sheets and Strips,"7219 11 00, 7219 12 10, 7219 12 90, 7219 13 10, 7219 13 90, 7219 14 10, 7219 14 90, 7219 22 10, 7219 22 90, 7219 23 00, 7219 24 00, 7220 11 00, 7220 12 00",Korea,"20 735,12","8 569,54","12 165,58","5 183,78","5 183,78","5 183,78","5 183,78",50 %,09.9864
8,Stainless Hot Rolled Sheets and Strips,"7219 11 00, 7219 12 10, 7219 12 90, 7219 13 10, 7219 13 90, 7219 14 10, 7219 14 90, 7219 22 10, 7219 22 90, 7219 23 00, 7219 24 00, 7220 11 00, 7220 12 00",Türkiye,"13 727,15","5 673,24","8 053,90","3 431,79","3 431,79","3 431,79","3 431,79",50 %,09.9865
8,Stainless Hot Rolled Sheets and Strips,"7219 11 00, 7219 12 10, 7219 12 90, 7219 13 10, 7219 13 90, 7219 14 10, 7219 14 90, 7219 22 10, 7219 22 90, 7219 23 00, 7219 24 00, 7220 11 00, 7220 12 00",South Africa,"12 086,55","4 995,21","7 091,35","3 021,64","3 021,64","3 021,64","3 021,64",50 %,09.9866
8,Stainless Hot Rolled Sheets and Strips,"7219 11 00, 7219 12 10, 7219 12 90, 7219 13 10, 7219 13 90, 7219 14 10, 7219 14 90, 7219 22 10, 7219 22 90, 7219 23 00, 7219 24 00, 7220 11 00, 7220 12 00",FTA Quota – CSQ,"11 224,60","0,00","11 224,60","2 806,15","2 806,15","2 806,15","2 806,15",50 %,09.9510
8,Stainless Hot Rolled Sheets and Strips,"7219 11 00, 7219 12 10, 7219 12 90, 7219 13 10, 7219 13 90, 7219 14 10, 7219 14 90, 7219 22 10, 7219 22 90, 7219 23 00, 7219 24 00, 7220 11 00, 7220 12 00",Other countries,"2 289,29","2 289,29","0,00","572,32","572,32","572,32","572,32",50 %,09.9610
8,Stainless Hot Rolled Sheets and Strips,"7219 11 00, 7219 12 10, 7219 12 90, 7219 13 10, 7219 13 90, 7219 14 10, 7219 14 90, 7219 22 10, 7219 22 90, 7219 23 00, 7219 24 00, 7220 11 00, 7220 12 00",FTA Quota – Other countries,"1 709,17","0,00","1 709,17","427,29","427,29","427,29","427,29",50 %,09.9729
8,Stainless Hot Rolled Sheets and Strips,"7219 11 00, 7219 12 10, 7219 12 90, 7219 13 10, 7219 13 90, 7219 14 10, 7219 14 90, 7219 22 10, 7219 22 90, 7219 23 00, 7219 24 00, 7220 11 00, 7220 12 00",United Kingdom (to Northern Ireland from other parts of the United Kingdom),"53,39","0,00","53,39","13,35","13,35","13,35","13,35",50 %,09.9492
9,Stainless Cold Rolled Sheets and Strips,"7219 31 00, 7219 32 10, 7219 32 90, 7219 33 10, 7219 33 90, 7219 34 10, 7219 34 90, 7219 35 10, 7219 35 90, 7219 90 20, 7219 90 80, 7220 20 21, 7220 20 29, 7220 20 41, 7220 20 49, 7220 20 81, 7220 20 89, 7220 90 20, 7220 90 80",Taiwan,"52 984,90","52 984,90","0,00","13 246,22","13 246,22","13 246,22","13 246,22",50 %,09.9867
9,Stainless Cold Rolled Sheets and Strips,"7219 31 00, 7219 32 10, 7219 32 90, 7219 33 10, 7219 33 90, 7219 34 10, 7219 34 90, 7219 35 10, 7219 35 90, 7219 90 20, 7219 90 80, 7220 20 21, 7220 20 29, 7220 20 41, 7220 20 49, 7220 20 81, 7220 20 89, 7220 90 20, 7220 90 80",China,"40 430,95","40 430,95","0,00","10 107,74","10 107,74","10 107,74","10 107,74",50 %,09.9868
9,Stainless Cold Rolled Sheets and Strips,"7219 31 00, 7219 32 10, 7219 32 90, 7219 33 10, 7219 33 90, 7219 34 10, 7219 34 90, 7219 35 10, 7219 35 90, 7219 90 20, 7219 90 80, 7220 20 21, 7220 20 29, 7220 20 41, 7220 20 49, 7220 20 81, 7220 20 89, 7220 90 20, 7220 90 80",Korea,"101 884,16","39 565,05","62 319,11","25 471,04","25 471,04","25 471,04","25 471,04",50 %,09.9869
9,Stainless Cold Rolled Sheets and Strips,"7219 31 00, 7219 32 10, 7219 32 90, 7219 33 10, 7219 33 90, 7219 34 10, 7219 34 90, 7219 35 10, 7219 35 90, 7219 90 20, 7219 90 80, 7220 20 21, 7220 20 29, 7220 20 41, 7220 20 49, 7220 20 81, 7220 20 89, 7220 90 20, 7220 90 80",Türkiye,"69 038,16","26 809,84","42 228,32","17 259,54","17 259,54","17 259,54","17 259,54",50 %,09.9870
9,Stainless Cold Rolled Sheets and Strips,"7219 31 00, 7219 32 10, 7219 32 90, 7219 33 10, 7219 33 90, 7219 34 10, 7219 34 90, 7219 35 10, 7219 35 90, 7219 90 20, 7219 90 80, 7220 20 21, 7220 20 29, 7220 20 41, 7220 20 49, 7220 20 81, 7220 20 89, 7220 90 20, 7220 90 80",South Africa,"52 606,57","20 428,90","32 177,67","13 151,64","13 151,64","13 151,64","13 151,64",50 %,09.9871
9,Stainless Cold Rolled Sheets and Strips,"7219 31 00, 7219 32 10, 7219 32 90, 7219 33 10, 7219 33 90, 7219 34 10, 7219 34 90, 7219 35 10, 7219 35 90, 7219 90 20, 7219 90 80, 7220 20 21, 7220 20 29, 7220 20 41, 7220 20 49, 7220 20 81, 7220 20 89, 7220 90 20, 7220 90 80",Viet Nam,"43 853,32","19 403,40","24 449,92","10 963,33","10 963,33","10 963,33","10 963,33",50 %,09.9872
9,Stainless Cold Rolled Sheets and Strips,"7219 31 00, 7219 32 10, 7219 32 90, 7219 33 10, 7219 33 90, 7219 34 10, 7219 34 90, 7219 35 10, 7219 35 90, 7219 90 20, 7219 90 80, 7220 20 21, 7220 20 29, 7220 20 41, 7220 20 49, 7220 20 81, 7220 20 89, 7220 90 20, 7220 90 80",India,"38 053,78","14 777,56","23 276,22","9 513,44","9 513,44","9 513,44","9 513,44",50 %,09.9873
9,Stainless Cold Rolled Sheets and Strips,"7219 31 00, 7219 32 10, 7219 32 90, 7219 33 10, 7219 33 90, 7219 34 10, 7219 34 90, 7219 35 10, 7219 35 90, 7219 90 20, 7219 90 80, 7220 20 21, 7220 20 29, 7220 20 41, 7220 20 49, 7220 20 81, 7220 20 89, 7220 90 20, 7220 90 80",FTA Quota – CSQ,"39 741,37","0,00","39 741,37","9 935,34","9 935,34","9 935,34","9 935,34",50 %,09.9511
9,Stainless Cold Rolled Sheets and Strips,"7219 31 00, 7219 32 10, 7219 32 90, 7219 33 10, 7219 33 90, 7219 34 10, 7219 34 90, 7219 35 10, 7219 35 90, 7219 90 20, 7219 90 80, 7220 20 21, 7220 20 29, 7220 20 41, 7220 20 49, 7220 20 81, 7220 20 89, 7220 90 20, 7220 90 80",Other countries,"33 770,28","33 770,28","0,00","8 442,57","8 442,57","8 442,57","8 442,57",50 %,09.9611
9,Stainless Cold Rolled Sheets and Strips,"7219 31 00, 7219 32 10, 7219 32 90, 7219 33 10, 7219 33 90, 7219 34 10, 7219 34 90, 7219 35 10, 7219 35 90, 7219 90 20, 7219 90 80, 7220 20 21, 7220 20 29, 7220 20 41, 7220 20 49, 7220 20 81, 7220 20 89, 7220 90 20, 7220 90 80",FTA Quota – Other countries,"22 217,01","0,00","22 217,01","5 554,25","5 554,25","5 554,25","5 554,25",50 %,09.9730
9,Stainless Cold Rolled Sheets and Strips,"7219 31 00, 7219 32 10, 7219 32 90, 7219 33 10, 7219 33 90, 7219 34 10, 7219 34 90, 7219 35 10, 7219 35 90, 7219 90 20, 7219 90 80, 7220 20 21, 7220 20 29, 7220 20 41, 7220 20 49, 7220 20 81, 7220 20 89, 7220 90 20, 7220 90 80",Switzerland,"1 636,18","0,00","1 636,18","409,05","409,05","409,05","409,05",50 %,09.9731
9,Stainless Cold Rolled Sheets and Strips,"7219 31 00, 7219 32 10, 7219 32 90, 7219 33 10, 7219 33 90, 7219 34 10, 7219 34 90, 7219 35 10, 7219 35 90, 7219 90 20, 7219 90 80, 7220 20 21, 7220 20 29, 7220 20 41, 7220 20 49, 7220 20 81, 7220 20 89, 7220 90 20, 7220 90 80",United Kingdom (to Northern Ireland from other parts of the United Kingdom),"125,08","0,00","125,08","31,27","31,27","31,27","31,27",50 %,09.9493
10,Stainless Hot Rolled Quarto Plates,"7219 21 10, 7219 21 90",China,"3 713,95","3 713,95","0,00","928,49","928,49","928,49","928,49",50 %,09.9874
10,Stainless Hot Rolled Quarto Plates,"7219 21 10, 7219 21 90",India,"5 988,10","2 217,56","3 770,55","1 497,03","1 497,03","1 497,03","1 497,03",50 %,09.9875
10,Stainless Hot Rolled Quarto Plates,"7219 21 10, 7219 21 90",Korea,"2 060,80","763,17","1 297,63","515,20","515,20","515,20","515,20",50 %,09.9876
10,Stainless Hot Rolled Quarto Plates,"7219 21 10, 7219 21 90",South Africa,"1 977,79","732,43","1 245,36","494,45","494,45","494,45","494,45",50 %,09.9877
10,Stainless Hot Rolled Quarto Plates,"7219 21 10, 7219 21 90",FTA Quota – CSQ,"1 114,15","0,00","1 114,15","278,54","278,54","278,54","278,54",50 %,09.9512
10,Stainless Hot Rolled Quarto Plates,"7219 21 10, 7219 21 90",Other countries,"1 085,51","1 085,51","0,00","271,38","271,38","271,38","271,38",50 %,09.9612
10,Stainless Hot Rolled Quarto Plates,"7219 21 10, 7219 21 90",FTA Quota – Other countries,"1 084,93","0,00","1 084,93","271,23","271,23","271,23","271,23",50 %,09.9732
12,Non Alloy and Other Alloy Merchant Bars and Light Sections,"7214 30 00, 7214 91 10, 7214 91 90, 7214 99 31, 7214 99 39, 7214 99 50, 7214 99 71, 7214 99 79, 7214 99 95, 7215 90 00, 7216 10 00, 7216 21 00, 7216 22 00, 7216 40 10, 7216 40 90, 7216 50 10, 7216 50 91, 7216 50 99, 7216 99 00, 7228 10 20, 7228 20 10, 7228 20 91, 7228 30 20, 7228 30 41, 7228 30 49, 7228 30 61, 7228 30 70, 7228 30 89, 7228 60 20, 7228 60 80, 7228 70 10, 7228 70 90, 7228 80 00 TARIC code: 7228 30 69 99",China,"157 936,73","157 936,73","0,00","39 484,18","39 484,18","39 484,18","39 484,18",50 %,09.9878
12,Non Alloy and Other Alloy Merchant Bars and Light Sections,"7214 30 00, 7214 91 10, 7214 91 90, 7214 99 31, 7214 99 39, 7214 99 50, 7214 99 71, 7214 99 79, 7214 99 95, 7215 90 00, 7216 10 00, 7216 21 00, 7216 22 00, 7216 40 10, 7216 40 90, 7216 50 10, 7216 50 91, 7216 50 99, 7216 99 00, 7228 10 20, 7228 20 10, 7228 20 91, 7228 30 20, 7228 30 41, 7228 30 49, 7228 30 61, 7228 30 70, 7228 30 89, 7228 60 20, 7228 60 80, 7228 70 10, 7228 70 90, 7228 80 00 TARIC code: 7228 30 69 99",Türkiye,"241 982,29","102 862,73","139 119,56","60 495,57","60 495,57","60 495,57","60 495,57",50 %,09.9879
12,Non Alloy and Other Alloy Merchant Bars and Light Sections,"7214 30 00, 7214 91 10, 7214 91 90, 7214 99 31, 7214 99 39, 7214 99 50, 7214 99 71, 7214 99 79, 7214 99 95, 7215 90 00, 7216 10 00, 7216 21 00, 7216 22 00, 7216 40 10, 7216 40 90, 7216 50 10, 7216 50 91, 7216 50 99, 7216 99 00, 7228 10 20, 7228 20 10, 7228 20 91, 7228 30 20, 7228 30 41, 7228 30 49, 7228 30 61, 7228 30 70, 7228 30 89, 7228 60 20, 7228 60 80, 7228 70 10, 7228 70 90, 7228 80 00 TARIC code: 7228 30 69 99",United Kingdom,"104 391,56","44 375,15","60 016,41","26 097,89","26 097,89","26 097,89","26 097,89",50 %,09.9880
12,Non Alloy and Other Alloy Merchant Bars and Light Sections,"7214 30 00, 7214 91 10, 7214 91 90, 7214 99 31, 7214 99 39, 7214 99 50, 7214 99 71, 7214 99 79, 7214 99 95, 7215 90 00, 7216 10 00, 7216 21 00, 7216 22 00, 7216 40 10, 7216 40 90, 7216 50 10, 7216 50 91, 7216 50 99, 7216 99 00, 7228 10 20, 7228 20 10, 7228 20 91, 7228 30 20, 7228 30 41, 7228 30 49, 7228 30 61, 7228 30 70, 7228 30 89, 7228 60 20, 7228 60 80, 7228 70 10, 7228 70 90, 7228 80 00 TARIC code: 7228 30 69 99",Switzerland,"97 441,25","41 420,69","56 020,56","24 360,31","24 360,31","24 360,31","24 360,31",50 %,09.9881
12,Non Alloy and Other Alloy Merchant Bars and Light Sections,"7214 30 00, 7214 91 10, 7214 91 90, 7214 99 31, 7214 99 39, 7214 99 50, 7214 99 71, 7214 99 79, 7214 99 95, 7215 90 00, 7216 10 00, 7216 21 00, 7216 22 00, 7216 40 10, 7216 40 90, 7216 50 10, 7216 50 91, 7216 50 99, 7216 99 00, 7228 10 20, 7228 20 10, 7228 20 91, 7228 30 20, 7228 30 41, 7228 30 49, 7228 30 61, 7228 30 70, 7228 30 89, 7228 60 20, 7228 60 80, 7228 70 10, 7228 70 90, 7228 80 00 TARIC code: 7228 30 69 99",Korea,"56 172,46","23 878,00","32 294,46","14 043,12","14 043,12","14 043,12","14 043,12",50 %,09.9882
12,Non Alloy and Other Alloy Merchant Bars and Light Sections,"7214 30 00, 7214 91 10, 7214 91 90, 7214 99 31, 7214 99 39, 7214 99 50, 7214 99 71, 7214 99 79, 7214 99 95, 7215 90 00, 7216 10 00, 7216 21 00, 7216 22 00, 7216 40 10, 7216 40 90, 7216 50 10, 7216 50 91, 7216 50 99, 7216 99 00, 7228 10 20, 7228 20 10, 7228 20 91, 7228 30 20, 7228 30 41, 7228 30 49, 7228 30 61, 7228 30 70, 7228 30 89, 7228 60 20, 7228 60 80, 7228 70 10, 7228 70 90, 7228 80 00 TARIC code: 7228 30 69 99",North Macedonia,"54 470,32","23 154,45","31 315,88","13 617,58","13 617,58","13 617,58","13 617,58",50 %,09.9883
12,Non Alloy and Other Alloy Merchant Bars and Light Sections,"7214 30 00, 7214 91 10, 7214 91 90, 7214 99 31, 7214 99 39, 7214 99 50, 7214 99 71, 7214 99 79, 7214 99 95, 7215 90 00, 7216 10 00, 7216 21 00, 7216 22 00, 7216 40 10, 7216 40 90, 7216 50 10, 7216 50 91, 7216 50 99, 7216 99 00, 7228 10 20, 7228 20 10, 7228 20 91, 7228 30 20, 7228 30 41, 7228 30 49, 7228 30 61, 7228 30 70, 7228 30 89, 7228 60 20, 7228 60 80, 7228 70 10, 7228 70 90, 7228 80 00 TARIC code: 7228 30 69 99",FTA Quota – CSQ,"56 252,98","0,00","56 252,98","14 063,24","14 063,24","14 063,24","14 063,24",50 %,09.9513
12,Non Alloy and Other Alloy Merchant Bars and Light Sections,"7214 30 00, 7214 91 10, 7214 91 90, 7214 99 31, 7214 99 39, 7214 99 50, 7214 99 71, 7214 99 79, 7214 99 95, 7215 90 00, 7216 10 00, 7216 21 00, 7216 22 00, 7216 40 10, 7216 40 90, 7216 50 10, 7216 50 91, 7216 50 99, 7216 99 00, 7228 10 20, 7228 20 10, 7228 20 91, 7228 30 20, 7228 30 41, 7228 30 49, 7228 30 61, 7228 30 70, 7228 30 89, 7228 60 20, 7228 60 80, 7228 70 10, 7228 70 90, 7228 80 00 TARIC code: 7228 30 69 99",Other countries,"47 239,62","47 239,62","0,00","11 809,90","11 809,90","11 809,90","11 809,90",50 %,09.9613
12,Non Alloy and Other Alloy Merchant Bars and Light Sections,"7214 30 00, 7214 91 10, 7214 91 90, 7214 99 31, 7214 99 39, 7214 99 50, 7214 99 71, 7214 99 79, 7214 99 95, 7215 90 00, 7216 10 00, 7216 21 00, 7216 22 00, 7216 40 10, 7216 40 90, 7216 50 10, 7216 50 91, 7216 50 99, 7216 99 00, 7228 10 20, 7228 20 10, 7228 20 91, 7228 30 20, 7228 30 41, 7228 30 49, 7228 30 61, 7228 30 70, 7228 30 89, 7228 60 20, 7228 60 80, 7228 70 10, 7228 70 90, 7228 80 00 TARIC code: 7228 30 69 99",FTA Quota – Other countries,"43 451,82","0,00","43 451,82","10 862,95","10 862,95","10 862,95","10 862,95",50 %,09.9733
12,Non Alloy and Other Alloy Merchant Bars and Light Sections,"7214 30 00, 7214 91 10, 7214 91 90, 7214 99 31, 7214 99 39, 7214 99 50, 7214 99 71, 7214 99 79, 7214 99 95, 7215 90 00, 7216 10 00, 7216 21 00, 7216 22 00, 7216 40 10, 7216 40 90, 7216 50 10, 7216 50 91, 7216 50 99, 7216 99 00, 7228 10 20, 7228 20 10, 7228 20 91, 7228 30 20, 7228 30 41, 7228 30 49, 7228 30 61, 7228 30 70, 7228 30 89, 7228 60 20, 7228 60 80, 7228 70 10, 7228 70 90, 7228 80 00 TARIC code: 7228 30 69 99",Brazil,"12 185,05","0,00","12 185,05","3 046,26","3 046,26","3 046,26","3 046,26",50 %,09.9734
12,Non Alloy and Other Alloy Merchant Bars and Light Sections,"7214 30 00, 7214 91 10, 7214 91 90, 7214 99 31, 7214 99 39, 7214 99 50, 7214 99 71, 7214 99 79, 7214 99 95, 7215 90 00, 7216 10 00, 7216 21 00, 7216 22 00, 7216 40 10, 7216 40 90, 7216 50 10, 7216 50 91, 7216 50 99, 7216 99 00, 7228 10 20, 7228 20 10, 7228 20 91, 7228 30 20, 7228 30 41, 7228 30 49, 7228 30 61, 7228 30 70, 7228 30 89, 7228 60 20, 7228 60 80, 7228 70 10, 7228 70 90, 7228 80 00 TARIC code: 7228 30 69 99",Egypt,"10 210,65","0,00","10 210,65","2 552,66","2 552,66","2 552,66","2 552,66",50 %,09.9735
13,Rebars,"7214 20 00, 7214 99 10 TARIC code: 7228 30 69 11",Türkiye,"239 676,09","109 506,39","130 169,70","59 919,02","59 919,02","59 919,02","59 919,02",50 %,09.9884
13,Rebars,"7214 20 00, 7214 99 10 TARIC code: 7228 30 69 11",Egypt,"144 367,80","65 960,67","78 407,13","36 091,95","36 091,95","36 091,95","36 091,95",50 %,09.9885
13,Rebars,"7214 20 00, 7214 99 10 TARIC code: 7228 30 69 11",Algeria,"63 761,42","63 761,42","0,00","15 940,36","15 940,36","15 940,36","15 940,36",50 %,09.9886
13,Rebars,"7214 20 00, 7214 99 10 TARIC code: 7228 30 69 11",Moldova,"39 719,11","20 358,79","19 360,32","9 929,78","9 929,78","9 929,78","9 929,78",50 %,09.9887
13,Rebars,"7214 20 00, 7214 99 10 TARIC code: 7228 30 69 11",China,"20 216,13","20 216,13","0,00","5 054,03","5 054,03","5 054,03","5 054,03",50 %,09.9888
13,Rebars,"7214 20 00, 7214 99 10 TARIC code: 7228 30 69 11",Ukraine,"67 710,16","19 599,65","48 110,50","16 927,54","16 927,54","16 927,54","16 927,54",50 %,09.9889
13,Rebars,"7214 20 00, 7214 99 10 TARIC code: 7228 30 69 11",FTA Quota – CSQ,"158 803,37","0,00","158 803,37","39 700,84","39 700,84","39 700,84","39 700,84",50 %,09.9514
13,Rebars,"7214 20 00, 7214 99 10 TARIC code: 7228 30 69 11",Other countries,"63 322,34","63 322,34","0,00","15 830,59","15 830,59","15 830,59","15 830,59",50 %,09.9614
13,Rebars,"7214 20 00, 7214 99 10 TARIC code: 7228 30 69 11",FTA Quota – Other countries,"38 299,23","0,00","38 299,23","9 574,81","9 574,81","9 574,81","9 574,81",50 %,09.9736
13,Rebars,"7214 20 00, 7214 99 10 TARIC code: 7228 30 69 11",United Kingdom (to Northern Ireland from other parts of the United Kingdom),"8 649,90","0,00","8 649,90","2 162,48","2 162,48","2 162,48","2 162,48",50 %,09.9494
14,Stainless Bars and Light Sections,"7222 11 11, 7222 11 19, 7222 11 81, 7222 11 89, 7222 19 10, 7222 19 90, 7222 20 11, 7222 20 19, 7222 20 21, 7222 20 29, 7222 20 31, 7222 20 39, 7222 20 81, 7222 20 89, 7222 30 51, 7222 30 91, 7222 30 97, 7222 40 10, 7222 40 50, 7222 40 90",India,"92 556,79","47 409,21","45 147,58","23 139,20","23 139,20","23 139,20","23 139,20",50 %,09.9890
14,Stainless Bars and Light Sections,"7222 11 11, 7222 11 19, 7222 11 81, 7222 11 89, 7222 19 10, 7222 19 90, 7222 20 11, 7222 20 19, 7222 20 21, 7222 20 29, 7222 20 31, 7222 20 39, 7222 20 81, 7222 20 89, 7222 30 51, 7222 30 91, 7222 30 97, 7222 40 10, 7222 40 50, 7222 40 90",Switzerland,"10 786,07","5 524,81","5 261,26","2 696,52","2 696,52","2 696,52","2 696,52",50 %,09.9891
14,Stainless Bars and Light Sections,"7222 11 11, 7222 11 19, 7222 11 81, 7222 11 89, 7222 19 10, 7222 19 90, 7222 20 11, 7222 20 19, 7222 20 21, 7222 20 29, 7222 20 31, 7222 20 39, 7222 20 81, 7222 20 89, 7222 30 51, 7222 30 91, 7222 30 97, 7222 40 10, 7222 40 50, 7222 40 90",United Kingdom,"8 116,93","4 157,63","3 959,30","2 029,23","2 029,23","2 029,23","2 029,23",50 %,09.9892
14,Stainless Bars and Light Sections,"7222 11 11, 7222 11 19, 7222 11 81, 7222 11 89, 7222 19 10, 7222 19 90, 7222 20 11, 7222 20 19, 7222 20 21, 7222 20 29, 7222 20 31, 7222 20 39, 7222 20 81, 7222 20 89, 7222 30 51, 7222 30 91, 7222 30 97, 7222 40 10, 7222 40 50, 7222 40 90",China,"3 585,40","3 585,40","0,00","896,35","896,35","896,35","896,35",50 %,09.9893
14,Stainless Bars and Light Sections,"7222 11 11, 7222 11 19, 7222 11 81, 7222 11 89, 7222 19 10, 7222 19 90, 7222 20 11, 7222 20 19, 7222 20 21, 7222 20 29, 7222 20 31, 7222 20 39, 7222 20 81, 7222 20 89, 7222 30 51, 7222 30 91, 7222 30 97, 7222 40 10, 7222 40 50, 7222 40 90",FTA Quota – CSQ,"9 594,38","0,00","9 594,38","2 398,59","2 398,59","2 398,59","2 398,59",50 %,09.9515
14,Stainless Bars and Light Sections,"7222 11 11, 7222 11 19, 7222 11 81, 7222 11 89, 7222 19 10, 7222 19 90, 7222 20 11, 7222 20 19, 7222 20 21, 7222 20 29, 7222 20 31, 7222 20 39, 7222 20 81, 7222 20 89, 7222 30 51, 7222 30 91, 7222 30 97, 7222 40 10, 7222 40 50, 7222 40 90",Other countries,"6 120,33","6 120,33","0,00","1 530,08","1 530,08","1 530,08","1 530,08",50 %,09.9615
14,Stainless Bars and Light Sections,"7222 11 11, 7222 11 19, 7222 11 81, 7222 11 89, 7222 19 10, 7222 19 90, 7222 20 11, 7222 20 19, 7222 20 21, 7222 20 29, 7222 20 31, 7222 20 39, 7222 20 81, 7222 20 89, 7222 30 51, 7222 30 91, 7222 30 97, 7222 40 10, 7222 40 50, 7222 40 90",FTA Quota – Other countries,"2 834,88","0,00","2 834,88","708,72","708,72","708,72","708,72",50 %,09.9737
15,Stainless Wire Rod,"7221 00 10, 7221 00 90",India,"18 772,33","8 550,77","10 221,56","4 693,08","4 693,08","4 693,08","4 693,08",50 %,09.9894
15,Stainless Wire Rod,"7221 00 10, 7221 00 90",Taiwan,"4 304,92","4 304,92","0,00","1 076,23","1 076,23","1 076,23","1 076,23",50 %,09.9895
15,Stainless Wire Rod,"7221 00 10, 7221 00 90",Korea,"5 212,43","2 374,25","2 838,17","1 303,11","1 303,11","1 303,11","1 303,11",50 %,09.9896
15,Stainless Wire Rod,"7221 00 10, 7221 00 90",United Kingdom,"3 994,06","1 819,29","2 174,77","998,52","998,52","998,52","998,52",50 %,09.9897
15,Stainless Wire Rod,"7221 00 10, 7221 00 90",China,"1 374,13","1 374,13","0,00","343,53","343,53","343,53","343,53",50 %,09.9898
15,Stainless Wire Rod,"7221 00 10, 7221 00 90",Japan,"2 400,02","1 226,81","1 173,21","600,00","600,00","600,00","600,00",50 %,09.9899
15,Stainless Wire Rod,"7221 00 10, 7221 00 90",FTA Quota – CSQ,"3 240,54","0,00","3 240,54","810,14","810,14","810,14","810,14",50 %,09.9516
15,Stainless Wire Rod,"7221 00 10, 7221 00 90",Other countries,"580,83","580,83","0,00","145,21","145,21","145,21","145,21",50 %,09.9616
15,Stainless Wire Rod,"7221 00 10, 7221 00 90",FTA Quota – Other countries,"582,75","0,00","582,75","145,69","145,69","145,69","145,69",50 %,09.9738
16,Non Alloy and Other Alloy Wire Rod,"7213 10 00, 7213 20 00, 7213 91 10, 7213 91 20, 7213 91 41, 7213 91 49, 7213 91 70, 7213 91 90, 7213 99 10, 7213 99 90, 7227 10 00, 7227 20 00, 7227 90 10, 7227 90 50, 7227 90 95",Türkiye,"244 589,00","117 765,76","126 823,24","61 147,25","61 147,25","61 147,25","61 147,25",50 %,09.9900
16,Non Alloy and Other Alloy Wire Rod,"7213 10 00, 7213 20 00, 7213 91 10, 7213 91 20, 7213 91 41, 7213 91 49, 7213 91 70, 7213 91 90, 7213 99 10, 7213 99 90, 7227 10 00, 7227 20 00, 7227 90 10, 7227 90 50, 7227 90 95",Malaysia,"86 683,40","86 683,40","0,00","21 670,85","21 670,85","21 670,85","21 670,85",50 %,09.9901
16,Non Alloy and Other Alloy Wire Rod,"7213 10 00, 7213 20 00, 7213 91 10, 7213 91 20, 7213 91 41, 7213 91 49, 7213 91 70, 7213 91 90, 7213 99 10, 7213 99 90, 7227 10 00, 7227 20 00, 7227 90 10, 7227 90 50, 7227 90 95",United Kingdom,"175 399,53","84 452,12","90 947,41","43 849,88","43 849,88","43 849,88","43 849,88",50 %,09.9902
16,Non Alloy and Other Alloy Wire Rod,"7213 10 00, 7213 20 00, 7213 91 10, 7213 91 20, 7213 91 41, 7213 91 49, 7213 91 70, 7213 91 90, 7213 99 10, 7213 99 90, 7227 10 00, 7227 20 00, 7227 90 10, 7227 90 50, 7227 90 95",Ukraine,"189 145,02","78 410,08","110 734,94","47 286,26","47 286,26","47 286,26","47 286,26",50 %,09.9903
16,Non Alloy and Other Alloy Wire Rod,"7213 10 00, 7213 20 00, 7213 91 10, 7213 91 20, 7213 91 41, 7213 91 49, 7213 91 70, 7213 91 90, 7213 99 10, 7213 99 90, 7227 10 00, 7227 20 00, 7227 90 10, 7227 90 50, 7227 90 95",Switzerland,"162 195,34","78 094,51","84 100,83","40 548,83","40 548,83","40 548,83","40 548,83",50 %,09.9904
16,Non Alloy and Other Alloy Wire Rod,"7213 10 00, 7213 20 00, 7213 91 10, 7213 91 20, 7213 91 41, 7213 91 49, 7213 91 70, 7213 91 90, 7213 99 10, 7213 99 90, 7227 10 00, 7227 20 00, 7227 90 10, 7227 90 50, 7227 90 95",Viet Nam,"97 086,65","52 154,26","44 932,39","24 271,66","24 271,66","24 271,66","24 271,66",50 %,09.9905
16,Non Alloy and Other Alloy Wire Rod,"7213 10 00, 7213 20 00, 7213 91 10, 7213 91 20, 7213 91 41, 7213 91 49, 7213 91 70, 7213 91 90, 7213 99 10, 7213 99 90, 7227 10 00, 7227 20 00, 7227 90 10, 7227 90 50, 7227 90 95",Moldova,"95 839,25","51 484,16","44 355,09","23 959,81","23 959,81","23 959,81","23 959,81",50 %,09.9906
16,Non Alloy and Other Alloy Wire Rod,"7213 10 00, 7213 20 00, 7213 91 10, 7213 91 20, 7213 91 41, 7213 91 49, 7213 91 70, 7213 91 90, 7213 99 10, 7213 99 90, 7227 10 00, 7227 20 00, 7227 90 10, 7227 90 50, 7227 90 95",Egypt,"86 714,89","41 751,86","44 963,03","21 678,72","21 678,72","21 678,72","21 678,72",50 %,09.9907
16,Non Alloy and Other Alloy Wire Rod,"7213 10 00, 7213 20 00, 7213 91 10, 7213 91 20, 7213 91 41, 7213 91 49, 7213 91 70, 7213 91 90, 7213 99 10, 7213 99 90, 7227 10 00, 7227 20 00, 7227 90 10, 7227 90 50, 7227 90 95",FTA Quota – CSQ,"122 881,38","0,00","122 881,38","30 720,34","30 720,34","30 720,34","30 720,34",50 %,09.9517
16,Non Alloy and Other Alloy Wire Rod,"7213 10 00, 7213 20 00, 7213 91 10, 7213 91 20, 7213 91 41, 7213 91 49, 7213 91 70, 7213 91 90, 7213 99 10, 7213 99 90, 7227 10 00, 7227 20 00, 7227 90 10, 7227 90 50, 7227 90 95",Other countries,"153 927,34","153 927,34","0,00","38 481,84","38 481,84","38 481,84","38 481,84",50 %,09.9617
16,Non Alloy and Other Alloy Wire Rod,"7213 10 00, 7213 20 00, 7213 91 10, 7213 91 20, 7213 91 41, 7213 91 49, 7213 91 70, 7213 91 90, 7213 99 10, 7213 99 90, 7227 10 00, 7227 20 00, 7227 90 10, 7227 90 50, 7227 90 95",FTA Quota – Other countries,"138 440,96","0,00","138 440,96","34 610,24","34 610,24","34 610,24","34 610,24",50 %,09.9739
16,Non Alloy and Other Alloy Wire Rod,"7213 10 00, 7213 20 00, 7213 91 10, 7213 91 20, 7213 91 41, 7213 91 49, 7213 91 70, 7213 91 90, 7213 99 10, 7213 99 90, 7227 10 00, 7227 20 00, 7227 90 10, 7227 90 50, 7227 90 95",Korea,"11 334,76","0,00","11 334,76","2 833,69","2 833,69","2 833,69","2 833,69",50 %,09.9740
16,Non Alloy and Other Alloy Wire Rod,"7213 10 00, 7213 20 00, 7213 91 10, 7213 91 20, 7213 91 41, 7213 91 49, 7213 91 70, 7213 91 90, 7213 99 10, 7213 99 90, 7227 10 00, 7227 20 00, 7227 90 10, 7227 90 50, 7227 90 95",Japan,"5 293,99","0,00","5 293,99","1 323,50","1 323,50","1 323,50","1 323,50",50 %,09.9741
17,"Angles, Shapes and Sections of Iron or Non Alloy Steel","7216 31 10, 7216 31 90, 7216 32 11, 7216 32 19, 7216 32 91, 7216 32 99, 7216 33 10, 7216 33 90",Türkiye,"53 822,21","41 817,12","12 005,09","13 455,55","13 455,55","13 455,55","13 455,55",50 %,09.9908
17,"Angles, Shapes and Sections of Iron or Non Alloy Steel","7216 31 10, 7216 31 90, 7216 32 11, 7216 32 19, 7216 32 91, 7216 32 99, 7216 33 10, 7216 33 90",United Kingdom,"23 856,22","23 856,22","0,00","5 964,05","5 964,05","5 964,05","5 964,05",50 %,09.9909
17,"Angles, Shapes and Sections of Iron or Non Alloy Steel","7216 31 10, 7216 31 90, 7216 32 11, 7216 32 19, 7216 32 91, 7216 32 99, 7216 33 10, 7216 33 90",Switzerland,"10 363,24","8 051,71","2 311,53","2 590,81","2 590,81","2 590,81","2 590,81",50 %,09.9910
17,"Angles, Shapes and Sections of Iron or Non Alloy Steel","7216 31 10, 7216 31 90, 7216 32 11, 7216 32 19, 7216 32 91, 7216 32 99, 7216 33 10, 7216 33 90",United Arab Emirates,"5 964,41","5 964,41","0,00","1 491,10","1 491,10","1 491,10","1 491,10",50 %,09.9911
17,"Angles, Shapes and Sections of Iron or Non Alloy Steel","7216 31 10, 7216 31 90, 7216 32 11, 7216 32 19, 7216 32 91, 7216 32 99, 7216 33 10, 7216 33 90",FTA Quota – CSQ,"12 129,82","0,00","12 129,82","3 032,46","3 032,46","3 032,46","3 032,46",50 %,09.9518
17,"Angles, Shapes and Sections of Iron or Non Alloy Steel","7216 31 10, 7216 31 90, 7216 32 11, 7216 32 19, 7216 32 91, 7216 32 99, 7216 33 10, 7216 33 90",Other countries,"12 614,20","12 614,20","0,00","3 153,55","3 153,55","3 153,55","3 153,55",50 %,09.9618
17,"Angles, Shapes and Sections of Iron or Non Alloy Steel","7216 31 10, 7216 31 90, 7216 32 11, 7216 32 19, 7216 32 91, 7216 32 99, 7216 33 10, 7216 33 90",FTA Quota – Other countries,"4 295,24","0,00","4 295,24","1 073,81","1 073,81","1 073,81","1 073,81",50 %,09.9742
17,"Angles, Shapes and Sections of Iron or Non Alloy Steel","7216 31 10, 7216 31 90, 7216 32 11, 7216 32 19, 7216 32 91, 7216 32 99, 7216 33 10, 7216 33 90",Korea,"5 006,85","0,00","5 006,85","1 251,71","1 251,71","1 251,71","1 251,71",50 %,09.9743
17,"Angles, Shapes and Sections of Iron or Non Alloy Steel","7216 31 10, 7216 31 90, 7216 32 11, 7216 32 19, 7216 32 91, 7216 32 99, 7216 33 10, 7216 33 90",United Kingdom (to Northern Ireland from other parts of the United Kingdom),"56 555,13","0,00","56 555,13","14 138,78","14 138,78","14 138,78","14 138,78",50 %,09.9495
18,Sheet Piling,7301 10 00,China,"9 922,46","9 922,46","0,00","2 480,61","2 480,61","2 480,61","2 480,61",50 %,09.9912
18,Sheet Piling,7301 10 00,United Arab Emirates,"3 612,33","3 612,33","0,00","903,08","903,08","903,08","903,08",50 %,09.9913
18,Sheet Piling,7301 10 00,United Kingdom,"6 667,77","836,85","5 830,92","1 666,94","1 666,94","1 666,94","1 666,94",50 %,09.9914
18,Sheet Piling,7301 10 00,FTA Quota – CSQ,"4 937,35","0,00","4 937,35","1 234,34","1 234,34","1 234,34","1 234,34",50 %,09.9519
18,Sheet Piling,7301 10 00,Other countries,"341,13","341,13","0,00","85,28","85,28","85,28","85,28",50 %,09.9619
18,Sheet Piling,7301 10 00,FTA Quota – Other countries,"5 782,06","0,00","5 782,06","1 445,52","1 445,52","1 445,52","1 445,52",50 %,09.9744
19,Railway Material,"7302 10 22, 7302 10 28, 7302 10 40, 7302 10 50, 7302 40 00",United Kingdom,"7 032,30","3 280,98","3 751,32","1 758,07","1 758,07","1 758,07","1 758,07",50 %,09.9915
19,Railway Material,"7302 10 22, 7302 10 28, 7302 10 40, 7302 10 50, 7302 40 00",Türkiye,"5 120,42","2 388,97","2 731,44","1 280,10","1 280,10","1 280,10","1 280,10",50 %,09.9916
19,Railway Material,"7302 10 22, 7302 10 28, 7302 10 40, 7302 10 50, 7302 40 00",China,"1 684,38","1 684,38","0,00","421,09","421,09","421,09","421,09",50 %,09.9917
19,Railway Material,"7302 10 22, 7302 10 28, 7302 10 40, 7302 10 50, 7302 40 00",FTA Quota – CSQ,"1 144,02","0,00","1 144,02","286,00","286,00","286,00","286,00",50 %,09.9520
19,Railway Material,"7302 10 22, 7302 10 28, 7302 10 40, 7302 10 50, 7302 40 00",Other countries,"881,85","881,85","0,00","220,46","220,46","220,46","220,46",50 %,09.9620
19,Railway Material,"7302 10 22, 7302 10 28, 7302 10 40, 7302 10 50, 7302 40 00",FTA Quota – Other countries,"609,39","0,00","609,39","152,35","152,35","152,35","152,35",50 %,09.9745
20,Gas Pipes,"7306 30 41, 7306 30 49, 7306 30 72, 7306 30 77",Türkiye,"112 652,12","57 301,55","55 350,57","28 163,03","28 163,03","28 163,03","28 163,03",50 %,09.9918
20,Gas Pipes,"7306 30 41, 7306 30 49, 7306 30 72, 7306 30 77",India,"40 147,55","20 421,43","19 726,13","10 036,89","10 036,89","10 036,89","10 036,89",50 %,09.9919
20,Gas Pipes,"7306 30 41, 7306 30 49, 7306 30 72, 7306 30 77",United Arab Emirates,"10 086,86","10 086,86","0,00","2 521,72","2 521,72","2 521,72","2 521,72",50 %,09.9920
20,Gas Pipes,"7306 30 41, 7306 30 49, 7306 30 72, 7306 30 77",North Macedonia,"14 545,27","7 398,59","7 146,68","3 636,32","3 636,32","3 636,32","3 636,32",50 %,09.9921
20,Gas Pipes,"7306 30 41, 7306 30 49, 7306 30 72, 7306 30 77",United Kingdom,"13 057,44","6 641,79","6 415,65","3 264,36","3 264,36","3 264,36","3 264,36",50 %,09.9922
20,Gas Pipes,"7306 30 41, 7306 30 49, 7306 30 72, 7306 30 77",FTA Quota – CSQ,"15 642,18","0,00","15 642,18","3 910,55","3 910,55","3 910,55","3 910,55",50 %,09.9521
20,Gas Pipes,"7306 30 41, 7306 30 49, 7306 30 72, 7306 30 77",Other countries,"9 356,50","9 356,50","0,00","2 339,12","2 339,12","2 339,12","2 339,12",50 %,09.9621
20,Gas Pipes,"7306 30 41, 7306 30 49, 7306 30 72, 7306 30 77",FTA Quota – Other countries,"6 925,49","0,00","6 925,49","1 731,37","1 731,37","1 731,37","1 731,37",50 %,09.9746
21,Hollow Sections,"7306 61 10, 7306 61 92, 7306 61 99",Türkiye,"239 398,50","123 888,65","115 509,85","59 849,63","59 849,63","59 849,63","59 849,63",50 %,09.9923
21,Hollow Sections,"7306 61 10, 7306 61 92, 7306 61 99",United Kingdom,"88 908,49","46 010,12","42 898,38","22 227,12","22 227,12","22 227,12","22 227,12",50 %,09.9924
21,Hollow Sections,"7306 61 10, 7306 61 92, 7306 61 99",North Macedonia,"43 834,96","22 684,58","21 150,38","10 958,74","10 958,74","10 958,74","10 958,74",50 %,09.9925
21,Hollow Sections,"7306 61 10, 7306 61 92, 7306 61 99",China,"14 720,97","14 720,97","0,00","3 680,24","3 680,24","3 680,24","3 680,24",50 %,09.9926
21,Hollow Sections,"7306 61 10, 7306 61 92, 7306 61 99",Ukraine,"26 561,37","13 745,50","12 815,87","6 640,34","6 640,34","6 640,34","6 640,34",50 %,09.9927
21,Hollow Sections,"7306 61 10, 7306 61 92, 7306 61 99",FTA Quota – CSQ,"33 948,44","0,00","33 948,44","8 487,11","8 487,11","8 487,11","8 487,11",50 %,09.9522
21,Hollow Sections,"7306 61 10, 7306 61 92, 7306 61 99",Other countries,"28 696,57","28 696,57","0,00","7 174,14","7 174,14","7 174,14","7 174,14",50 %,09.9622
21,Hollow Sections,"7306 61 10, 7306 61 92, 7306 61 99",FTA Quota – Other countries,"20 599,69","0,00","20 599,69","5 149,92","5 149,92","5 149,92","5 149,92",50 %,09.9747
21,Hollow Sections,"7306 61 10, 7306 61 92, 7306 61 99",Switzerland,"2 823,78","0,00","2 823,78","705,94","705,94","705,94","705,94",50 %,09.9748
22,Seamless Stainless Tubes and Pipes,"7304 11 00, 7304 22 00, 7304 24 00, 7304 41 00, 7304 49 83, 7304 49 85, 7304 49 89",India,"15 328,50","7 886,38","7 442,12","3 832,13","3 832,13","3 832,13","3 832,13",50 %,09.9928
22,Seamless Stainless Tubes and Pipes,"7304 11 00, 7304 22 00, 7304 24 00, 7304 41 00, 7304 49 83, 7304 49 85, 7304 49 89",Ukraine,"6 524,48","3 356,79","3 167,69","1 631,12","1 631,12","1 631,12","1 631,12",50 %,09.9929
22,Seamless Stainless Tubes and Pipes,"7304 11 00, 7304 22 00, 7304 24 00, 7304 41 00, 7304 49 83, 7304 49 85, 7304 49 89",China,"1 073,10","1 073,10","0,00","268,27","268,27","268,27","268,27",50 %,09.9930
22,Seamless Stainless Tubes and Pipes,"7304 11 00, 7304 22 00, 7304 24 00, 7304 41 00, 7304 49 83, 7304 49 85, 7304 49 89",Korea,"2 392,13","1 070,09","1 322,04","598,03","598,03","598,03","598,03",50 %,09.9931
22,Seamless Stainless Tubes and Pipes,"7304 11 00, 7304 22 00, 7304 24 00, 7304 41 00, 7304 49 83, 7304 49 85, 7304 49 89",FTA Quota – CSQ,"2 050,52","0,00","2 050,52","512,63","512,63","512,63","512,63",50 %,09.9523
22,Seamless Stainless Tubes and Pipes,"7304 11 00, 7304 22 00, 7304 24 00, 7304 41 00, 7304 49 83, 7304 49 85, 7304 49 89",Other countries,"3 097,31","3 097,31","0,00","774,33","774,33","774,33","774,33",50 %,09.9623
22,Seamless Stainless Tubes and Pipes,"7304 11 00, 7304 22 00, 7304 24 00, 7304 41 00, 7304 49 83, 7304 49 85, 7304 49 89",FTA Quota – Other countries,"1 787,00","0,00","1 787,00","446,75","446,75","446,75","446,75",50 %,09.9749
22,Seamless Stainless Tubes and Pipes,"7304 11 00, 7304 22 00, 7304 24 00, 7304 41 00, 7304 49 83, 7304 49 85, 7304 49 89",Japan,"714,28","0,00","714,28","178,57","178,57","178,57","178,57",50 %,09.9750
24,Other Seamless Tubes,"7304 19 10, 7304 19 30, 7304 19 90, 7304 23 00, 7304 29 10, 7304 29 30, 7304 29 90, 7304 31 20, 7304 31 80, 7304 39 50, 7304 39 82, 7304 39 83, 7304 39 88, 7304 51 81, 7304 51 89, 7304 59 30, 7304 59 82, 7304 59 83, 7304 59 89, 7304 90 00",China,"52 635,36","52 635,36","0,00","13 158,84","13 158,84","13 158,84","13 158,84",50 %,09.9932
24,Other Seamless Tubes,"7304 19 10, 7304 19 30, 7304 19 90, 7304 23 00, 7304 29 10, 7304 29 30, 7304 29 90, 7304 31 20, 7304 31 80, 7304 39 50, 7304 39 82, 7304 39 83, 7304 39 88, 7304 51 81, 7304 51 89, 7304 59 30, 7304 59 82, 7304 59 83, 7304 59 89, 7304 90 00",Ukraine,"80 670,49","30 705,12","49 965,37","20 167,62","20 167,62","20 167,62","20 167,62",50 %,09.9933
24,Other Seamless Tubes,"7304 19 10, 7304 19 30, 7304 19 90, 7304 23 00, 7304 29 10, 7304 29 30, 7304 29 90, 7304 31 20, 7304 31 80, 7304 39 50, 7304 39 82, 7304 39 83, 7304 39 88, 7304 51 81, 7304 51 89, 7304 59 30, 7304 59 82, 7304 59 83, 7304 59 89, 7304 90 00",Brazil,"31 027,83","11 809,94","19 217,89","7 756,96","7 756,96","7 756,96","7 756,96",50 %,09.9934
24,Other Seamless Tubes,"7304 19 10, 7304 19 30, 7304 19 90, 7304 23 00, 7304 29 10, 7304 29 30, 7304 29 90, 7304 31 20, 7304 31 80, 7304 39 50, 7304 39 82, 7304 39 83, 7304 39 88, 7304 51 81, 7304 51 89, 7304 59 30, 7304 59 82, 7304 59 83, 7304 59 89, 7304 90 00",FTA Quota – CSQ,"12 208,81","0,00","12 208,81","3 052,20","3 052,20","3 052,20","3 052,20",50 %,09.9524
24,Other Seamless Tubes,"7304 19 10, 7304 19 30, 7304 19 90, 7304 23 00, 7304 29 10, 7304 29 30, 7304 29 90, 7304 31 20, 7304 31 80, 7304 39 50, 7304 39 82, 7304 39 83, 7304 39 88, 7304 51 81, 7304 51 89, 7304 59 30, 7304 59 82, 7304 59 83, 7304 59 89, 7304 90 00",Other countries,"39 299,94","39 299,94","0,00","9 824,98","9 824,98","9 824,98","9 824,98",50 %,09.9624
24,Other Seamless Tubes,"7304 19 10, 7304 19 30, 7304 19 90, 7304 23 00, 7304 29 10, 7304 29 30, 7304 29 90, 7304 31 20, 7304 31 80, 7304 39 50, 7304 39 82, 7304 39 83, 7304 39 88, 7304 51 81, 7304 51 89, 7304 59 30, 7304 59 82, 7304 59 83, 7304 59 89, 7304 90 00",FTA Quota – Other countries,"47 582,81","0,00","47 582,81","11 895,70","11 895,70","11 895,70","11 895,70",50 %,09.9751
24,Other Seamless Tubes,"7304 19 10, 7304 19 30, 7304 19 90, 7304 23 00, 7304 29 10, 7304 29 30, 7304 29 90, 7304 31 20, 7304 31 80, 7304 39 50, 7304 39 82, 7304 39 83, 7304 39 88, 7304 51 81, 7304 51 89, 7304 59 30, 7304 59 82, 7304 59 83, 7304 59 89, 7304 90 00",Argentina,"5 032,39","0,00","5 032,39","1 258,10","1 258,10","1 258,10","1 258,10",50 %,09.9752
24,Other Seamless Tubes,"7304 19 10, 7304 19 30, 7304 19 90, 7304 23 00, 7304 29 10, 7304 29 30, 7304 29 90, 7304 31 20, 7304 31 80, 7304 39 50, 7304 39 82, 7304 39 83, 7304 39 88, 7304 51 81, 7304 51 89, 7304 59 30, 7304 59 82, 7304 59 83, 7304 59 89, 7304 90 00",Singapore,"443,08","0,00","443,08","110,77","110,77","110,77","110,77",50 %,09.9753
25.A,Large welded tubes,"7305 11 00, 7305 12 00",Türkiye,"7 788,31","3 666,00","4 122,31","1 947,08","1 947,08","1 947,08","1 947,08",50 %,09.9935
25.A,Large welded tubes,"7305 11 00, 7305 12 00",Israel,"3 336,97","3 336,97","0,00","834,24","834,24","834,24","834,24",50 %,09.9936
25.A,Large welded tubes,"7305 11 00, 7305 12 00",China,"2 650,98","2 650,98","0,00","662,75","662,75","662,75","662,75",50 %,09.9937
25.A,Large welded tubes,"7305 11 00, 7305 12 00",India,"4 364,78","2 054,53","2 310,26","1 091,20","1 091,20","1 091,20","1 091,20",50 %,09.9938
25.A,Large welded tubes,"7305 11 00, 7305 12 00",FTA Quota – CSQ,"5 549,66","0,00","5 549,66","1 387,41","1 387,41","1 387,41","1 387,41",50 %,09.9525
25.A,Large welded tubes,"7305 11 00, 7305 12 00",Other countries,"2 666,23","2 666,23","0,00","666,56","666,56","666,56","666,56",50 %,09.9625
25.A,Large welded tubes,"7305 11 00, 7305 12 00",FTA Quota – Other countries,"2 336,77","0,00","2 336,77","584,19","584,19","584,19","584,19",50 %,09.9754
25.A,Large welded tubes,"7305 11 00, 7305 12 00",United Kingdom (to Northern Ireland from other parts of the United Kingdom),"55,71","0,00","55,71","13,93","13,93","13,93","13,93",50 %,09.9496
25.B,Large welded tubes,"7305 19 00, 7305 20 00, 7305 31 00, 7305 39 00, 7305 90 00",Türkiye,"43 742,63","20 214,94","23 527,69","10 935,66","10 935,66","10 935,66","10 935,66",50 %,09.9939
25.B,Large welded tubes,"7305 19 00, 7305 20 00, 7305 31 00, 7305 39 00, 7305 90 00",China,"9 923,58","9 923,58","0,00","2 480,89","2 480,89","2 480,89","2 480,89",50 %,09.9940
25.B,Large welded tubes,"7305 19 00, 7305 20 00, 7305 31 00, 7305 39 00, 7305 90 00",United Kingdom,"8 052,65","3 721,40","4 331,25","2 013,16","2 013,16","2 013,16","2 013,16",50 %,09.9941
25.B,Large welded tubes,"7305 19 00, 7305 20 00, 7305 31 00, 7305 39 00, 7305 90 00",Algeria,"2 338,99","2 338,99","0,00","584,75","584,75","584,75","584,75",50 %,09.9942
25.B,Large welded tubes,"7305 19 00, 7305 20 00, 7305 31 00, 7305 39 00, 7305 90 00",FTA Quota – CSQ,"8 118,99","0,00","8 118,99","2 029,75","2 029,75","2 029,75","2 029,75",50 %,09.9526
25.B,Large welded tubes,"7305 19 00, 7305 20 00, 7305 31 00, 7305 39 00, 7305 90 00",Other countries,"5 608,92","5 608,92","0,00","1 402,23","1 402,23","1 402,23","1 402,23",50 %,09.9626
25.B,Large welded tubes,"7305 19 00, 7305 20 00, 7305 31 00, 7305 39 00, 7305 90 00",FTA Quota – Other countries,"5 745,62","0,00","5 745,62","1 436,41","1 436,41","1 436,41","1 436,41",50 %,09.9755
25.B,Large welded tubes,"7305 19 00, 7305 20 00, 7305 31 00, 7305 39 00, 7305 90 00",Singapore,"84,27","0,00","84,27","21,07","21,07","21,07","21,07",50 %,09.9756
26,Other Welded Pipes,"7306 11 00, 7306 19 00, 7306 21 00, 7306 29 00, 7306 30 12, 7306 30 18, 7306 30 80, 7306 40 20, 7306 40 80, 7306 50 21, 7306 50 29, 7306 50 80, 7306 69 10, 7306 69 90, 7306 90 00",Türkiye,"89 813,05","44 086,08","45 726,98","22 453,26","22 453,26","22 453,26","22 453,26",50 %,09.9943
26,Other Welded Pipes,"7306 11 00, 7306 19 00, 7306 21 00, 7306 29 00, 7306 30 12, 7306 30 18, 7306 30 80, 7306 40 20, 7306 40 80, 7306 50 21, 7306 50 29, 7306 50 80, 7306 69 10, 7306 69 90, 7306 90 00",Switzerland,"47 442,65","23 287,93","24 154,72","11 860,66","11 860,66","11 860,66","11 860,66",50 %,09.9944
26,Other Welded Pipes,"7306 11 00, 7306 19 00, 7306 21 00, 7306 29 00, 7306 30 12, 7306 30 18, 7306 30 80, 7306 40 20, 7306 40 80, 7306 50 21, 7306 50 29, 7306 50 80, 7306 69 10, 7306 69 90, 7306 90 00",China,"12 880,66","12 880,66","0,00","3 220,17","3 220,17","3 220,17","3 220,17",50 %,09.9945
26,Other Welded Pipes,"7306 11 00, 7306 19 00, 7306 21 00, 7306 29 00, 7306 30 12, 7306 30 18, 7306 30 80, 7306 40 20, 7306 40 80, 7306 50 21, 7306 50 29, 7306 50 80, 7306 69 10, 7306 69 90, 7306 90 00",India,"24 634,48","12 092,20","12 542,28","6 158,62","6 158,62","6 158,62","6 158,62",50 %,09.9946
26,Other Welded Pipes,"7306 11 00, 7306 19 00, 7306 21 00, 7306 29 00, 7306 30 12, 7306 30 18, 7306 30 80, 7306 40 20, 7306 40 80, 7306 50 21, 7306 50 29, 7306 50 80, 7306 69 10, 7306 69 90, 7306 90 00",United Kingdom,"18 753,53","9 205,45","9 548,08","4 688,38","4 688,38","4 688,38","4 688,38",50 %,09.9947
26,Other Welded Pipes,"7306 11 00, 7306 19 00, 7306 21 00, 7306 29 00, 7306 30 12, 7306 30 18, 7306 30 80, 7306 40 20, 7306 40 80, 7306 50 21, 7306 50 29, 7306 50 80, 7306 69 10, 7306 69 90, 7306 90 00",Taiwan,"6 391,63","6 391,63","0,00","1 597,91","1 597,91","1 597,91","1 597,91",50 %,09.9948
26,Other Welded Pipes,"7306 11 00, 7306 19 00, 7306 21 00, 7306 29 00, 7306 30 12, 7306 30 18, 7306 30 80, 7306 40 20, 7306 40 80, 7306 50 21, 7306 50 29, 7306 50 80, 7306 69 10, 7306 69 90, 7306 90 00",FTA Quota – CSQ,"16 230,36","0,00","16 230,36","4 057,59","4 057,59","4 057,59","4 057,59",50 %,09.9527
26,Other Welded Pipes,"7306 11 00, 7306 19 00, 7306 21 00, 7306 29 00, 7306 30 12, 7306 30 18, 7306 30 80, 7306 40 20, 7306 40 80, 7306 50 21, 7306 50 29, 7306 50 80, 7306 69 10, 7306 69 90, 7306 90 00",Other countries,"17 434,56","17 434,56","0,00","4 358,64","4 358,64","4 358,64","4 358,64",50 %,09.9627
26,Other Welded Pipes,"7306 11 00, 7306 19 00, 7306 21 00, 7306 29 00, 7306 30 12, 7306 30 18, 7306 30 80, 7306 40 20, 7306 40 80, 7306 50 21, 7306 50 29, 7306 50 80, 7306 69 10, 7306 69 90, 7306 90 00",FTA Quota – Other countries,"17 131,39","0,00","17 131,39","4 282,85","4 282,85","4 282,85","4 282,85",50 %,09.9757
26,Other Welded Pipes,"7306 11 00, 7306 19 00, 7306 21 00, 7306 29 00, 7306 30 12, 7306 30 18, 7306 30 80, 7306 40 20, 7306 40 80, 7306 50 21, 7306 50 29, 7306 50 80, 7306 69 10, 7306 69 90, 7306 90 00",Singapore,"44,71","0,00","44,71","11,18","11,18","11,18","11,18",50 %,09.9758
27,Non-alloy and other alloy cold finished bars,"7215 10 00, 7215 50 11, 7215 50 19, 7215 50 80, 7228 10 90, 7228 20 99, 7228 50 20, 7228 50 40, 7228 50 61, 7228 50 69, 7228 50 80",China,"15 843,68","15 843,68","0,00","3 960,92","3 960,92","3 960,92","3 960,92",50 %,09.9949
27,Non-alloy and other alloy cold finished bars,"7215 10 00, 7215 50 11, 7215 50 19, 7215 50 80, 7228 10 90, 7228 20 99, 7228 50 20, 7228 50 40, 7228 50 61, 7228 50 69, 7228 50 80",Türkiye,"28 180,31","12 106,50","16 073,81","7 045,08","7 045,08","7 045,08","7 045,08",50 %,09.9950
27,Non-alloy and other alloy cold finished bars,"7215 10 00, 7215 50 11, 7215 50 19, 7215 50 80, 7228 10 90, 7228 20 99, 7228 50 20, 7228 50 40, 7228 50 61, 7228 50 69, 7228 50 80",Switzerland,"24 218,81","10 404,61","13 814,20","6 054,70","6 054,70","6 054,70","6 054,70",50 %,09.9951
27,Non-alloy and other alloy cold finished bars,"7215 10 00, 7215 50 11, 7215 50 19, 7215 50 80, 7228 10 90, 7228 20 99, 7228 50 20, 7228 50 40, 7228 50 61, 7228 50 69, 7228 50 80",Ukraine,"6 863,07","2 948,43","3 914,64","1 715,77","1 715,77","1 715,77","1 715,77",50 %,09.9952
27,Non-alloy and other alloy cold finished bars,"7215 10 00, 7215 50 11, 7215 50 19, 7215 50 80, 7228 10 90, 7228 20 99, 7228 50 20, 7228 50 40, 7228 50 61, 7228 50 69, 7228 50 80",FTA Quota – CSQ,"5 965,17","0,00","5 965,17","1 491,29","1 491,29","1 491,29","1 491,29",50 %,09.9528
27,Non-alloy and other alloy cold finished bars,"7215 10 00, 7215 50 11, 7215 50 19, 7215 50 80, 7228 10 90, 7228 20 99, 7228 50 20, 7228 50 40, 7228 50 61, 7228 50 69, 7228 50 80",Other countries,"7 354,33","7 354,33","0,00","1 838,58","1 838,58","1 838,58","1 838,58",50 %,09.9628
27,Non-alloy and other alloy cold finished bars,"7215 10 00, 7215 50 11, 7215 50 19, 7215 50 80, 7228 10 90, 7228 20 99, 7228 50 20, 7228 50 40, 7228 50 61, 7228 50 69, 7228 50 80",FTA Quota – Other countries,"8 889,74","0,00","8 889,74","2 222,43","2 222,43","2 222,43","2 222,43",50 %,09.9759
28,Non Alloy Wire,"7217 10 10, 7217 10 31, 7217 10 39, 7217 10 50, 7217 10 90, 7217 20 10, 7217 20 30, 7217 20 50, 7217 20 90, 7217 30 41, 7217 30 49, 7217 30 50, 7217 30 90, 7217 90 20, 7217 90 50, 7217 90 90",China,"57 192,60","57 192,60","0,00","14 298,15","14 298,15","14 298,15","14 298,15",50 %,09.9953
28,Non Alloy Wire,"7217 10 10, 7217 10 31, 7217 10 39, 7217 10 50, 7217 10 90, 7217 20 10, 7217 20 30, 7217 20 50, 7217 20 90, 7217 30 41, 7217 30 49, 7217 30 50, 7217 30 90, 7217 90 20, 7217 90 50, 7217 90 90",Türkiye,"96 941,19","39 629,61","57 311,57","24 235,30","24 235,30","24 235,30","24 235,30",50 %,09.9954
28,Non Alloy Wire,"7217 10 10, 7217 10 31, 7217 10 39, 7217 10 50, 7217 10 90, 7217 20 10, 7217 20 30, 7217 20 50, 7217 20 90, 7217 30 41, 7217 30 49, 7217 30 50, 7217 30 90, 7217 90 20, 7217 90 50, 7217 90 90",Ukraine,"82 758,08","33 831,55","48 926,53","20 689,52","20 689,52","20 689,52","20 689,52",50 %,09.9955
28,Non Alloy Wire,"7217 10 10, 7217 10 31, 7217 10 39, 7217 10 50, 7217 10 90, 7217 20 10, 7217 20 30, 7217 20 50, 7217 20 90, 7217 30 41, 7217 30 49, 7217 30 50, 7217 30 90, 7217 90 20, 7217 90 50, 7217 90 90",FTA Quota – CSQ,"17 985,61","0,00","17 985,61","4 496,40","4 496,40","4 496,40","4 496,40",50 %,09.9529
28,Non Alloy Wire,"7217 10 10, 7217 10 31, 7217 10 39, 7217 10 50, 7217 10 90, 7217 20 10, 7217 20 30, 7217 20 50, 7217 20 90, 7217 30 41, 7217 30 49, 7217 30 50, 7217 30 90, 7217 90 20, 7217 90 50, 7217 90 90",Other countries,"28 289,12","28 289,12","0,00","7 072,28","7 072,28","7 072,28","7 072,28",50 %,09.9629
28,Non Alloy Wire,"7217 10 10, 7217 10 31, 7217 10 39, 7217 10 50, 7217 10 90, 7217 20 10, 7217 20 30, 7217 20 50, 7217 20 90, 7217 30 41, 7217 30 49, 7217 30 50, 7217 30 90, 7217 90 20, 7217 90 50, 7217 90 90",FTA Quota – Other countries,"33 956,87","0,00","33 956,87","8 489,22","8 489,22","8 489,22","8 489,22",50 %,09.9760
28,Non Alloy Wire,"7217 10 10, 7217 10 31, 7217 10 39, 7217 10 50, 7217 10 90, 7217 20 10, 7217 20 30, 7217 20 50, 7217 20 90, 7217 30 41, 7217 30 49, 7217 30 50, 7217 30 90, 7217 90 20, 7217 90 50, 7217 90 90",United Kingdom (to Northern Ireland from other parts of the United Kingdom),"762,29","0,00","762,29","190,57","190,57","190,57","190,57",50 %,09.9497
